"label","run_no","variant","execution_ms"
"N=1000 rel_unindexed",1,"S9_or_keys","0.313"
"N=1000 rel_unindexed",2,"S9_or_keys","0.245"
"N=1000 rel_unindexed",3,"S9_or_keys","0.304"
"N=1000 rel_unindexed",4,"S9_or_keys","0.292"
"N=1000 rel_unindexed",5,"S9_or_keys","0.242"
"N=1000 rel_unindexed",6,"S9_or_keys","0.244"
"N=1000 rel_unindexed",7,"S9_or_keys","0.241"
"N=1000 rel_unindexed",1,"S8_and3","0.201"
"N=1000 rel_unindexed",2,"S8_and3","0.204"
"N=1000 rel_unindexed",3,"S8_and3","0.201"
"N=1000 rel_unindexed",4,"S8_and3","0.272"
"N=1000 rel_unindexed",5,"S8_and3","0.314"
"N=1000 rel_unindexed",6,"S8_and3","0.237"
"N=1000 rel_unindexed",7,"S8_and3","0.296"
"N=1000 rel_unindexed",1,"S7_and2","0.266"
"N=1000 rel_unindexed",2,"S7_and2","0.202"
"N=1000 rel_unindexed",3,"S7_and2","0.262"
"N=1000 rel_unindexed",4,"S7_and2","0.200"
"N=1000 rel_unindexed",5,"S7_and2","0.200"
"N=1000 rel_unindexed",6,"S7_and2","0.273"
"N=1000 rel_unindexed",7,"S7_and2","0.201"
"N=1000 rel_unindexed",1,"S6_array_or","0.522"
"N=1000 rel_unindexed",2,"S6_array_or","0.464"
"N=1000 rel_unindexed",3,"S6_array_or","0.563"
"N=1000 rel_unindexed",4,"S6_array_or","0.484"
"N=1000 rel_unindexed",5,"S6_array_or","0.421"
"N=1000 rel_unindexed",6,"S6_array_or","0.444"
"N=1000 rel_unindexed",7,"S6_array_or","0.423"
"N=1000 rel_unindexed",1,"S5_array_and","0.293"
"N=1000 rel_unindexed",2,"S5_array_and","0.295"
"N=1000 rel_unindexed",3,"S5_array_and","0.294"
"N=1000 rel_unindexed",4,"S5_array_and","0.321"
"N=1000 rel_unindexed",5,"S5_array_and","0.295"
"N=1000 rel_unindexed",6,"S5_array_and","0.320"
"N=1000 rel_unindexed",7,"S5_array_and","0.294"
"N=1000 rel_unindexed",1,"S4_ts_range","0.151"
"N=1000 rel_unindexed",2,"S4_ts_range","0.127"
"N=1000 rel_unindexed",3,"S4_ts_range","0.125"
"N=1000 rel_unindexed",4,"S4_ts_range","0.151"
"N=1000 rel_unindexed",5,"S4_ts_range","0.126"
"N=1000 rel_unindexed",6,"S4_ts_range","0.168"
"N=1000 rel_unindexed",7,"S4_ts_range","0.125"
"N=1000 rel_unindexed",1,"S3_trgm_contains","0.625"
"N=1000 rel_unindexed",2,"S3_trgm_contains","0.629"
"N=1000 rel_unindexed",3,"S3_trgm_contains","0.600"
"N=1000 rel_unindexed",4,"S3_trgm_contains","0.602"
"N=1000 rel_unindexed",5,"S3_trgm_contains","0.634"
"N=1000 rel_unindexed",6,"S3_trgm_contains","0.628"
"N=1000 rel_unindexed",7,"S3_trgm_contains","0.630"
"N=1000 rel_unindexed",1,"S2_like_prefix","0.109"
"N=1000 rel_unindexed",2,"S2_like_prefix","0.109"
"N=1000 rel_unindexed",3,"S2_like_prefix","0.109"
"N=1000 rel_unindexed",4,"S2_like_prefix","0.109"
"N=1000 rel_unindexed",5,"S2_like_prefix","0.160"
"N=1000 rel_unindexed",6,"S2_like_prefix","0.109"
"N=1000 rel_unindexed",7,"S2_like_prefix","0.109"
"N=1000 rel_unindexed",1,"S1_expr_eq_num","0.216"
"N=1000 rel_unindexed",2,"S1_expr_eq_num","0.217"
"N=1000 rel_unindexed",3,"S1_expr_eq_num","0.217"
"N=1000 rel_unindexed",4,"S1_expr_eq_num","0.216"
"N=1000 rel_unindexed",5,"S1_expr_eq_num","0.225"
"N=1000 rel_unindexed",6,"S1_expr_eq_num","0.218"
"N=1000 rel_unindexed",7,"S1_expr_eq_num","0.216"
"N=1000 rel_unindexed",7,"S10_topn_order","0.120"
"N=1000 rel_unindexed",6,"S10_topn_order","0.121"
"N=1000 rel_unindexed",1,"S10_topn_order","0.118"
"N=1000 rel_unindexed",2,"S10_topn_order","0.120"
"N=1000 rel_unindexed",3,"S10_topn_order","0.121"
"N=1000 rel_unindexed",4,"S10_topn_order","0.121"
"N=1000 rel_unindexed",5,"S10_topn_order","0.146"
"N=1000 rel_indexed",1,"S9_or_keys","0.467"
"N=1000 rel_indexed",2,"S9_or_keys","0.300"
"N=1000 rel_indexed",3,"S9_or_keys","0.390"
"N=1000 rel_indexed",4,"S9_or_keys","0.237"
"N=1000 rel_indexed",5,"S9_or_keys","0.258"
"N=1000 rel_indexed",6,"S9_or_keys","0.238"
"N=1000 rel_indexed",7,"S9_or_keys","0.232"
"N=1000 rel_indexed",1,"S8_and3","0.007"
"N=1000 rel_indexed",2,"S8_and3","0.008"
"N=1000 rel_indexed",3,"S8_and3","0.008"
"N=1000 rel_indexed",4,"S8_and3","0.008"
"N=1000 rel_indexed",5,"S8_and3","0.008"
"N=1000 rel_indexed",6,"S8_and3","0.008"
"N=1000 rel_indexed",7,"S8_and3","0.008"
"N=1000 rel_indexed",1,"S7_and2","0.040"
"N=1000 rel_indexed",2,"S7_and2","0.044"
"N=1000 rel_indexed",3,"S7_and2","0.042"
"N=1000 rel_indexed",4,"S7_and2","0.043"
"N=1000 rel_indexed",5,"S7_and2","0.043"
"N=1000 rel_indexed",6,"S7_and2","0.042"
"N=1000 rel_indexed",7,"S7_and2","0.044"
"N=1000 rel_indexed",1,"S6_array_or","0.493"
"N=1000 rel_indexed",2,"S6_array_or","0.377"
"N=1000 rel_indexed",3,"S6_array_or","0.465"
"N=1000 rel_indexed",4,"S6_array_or","0.332"
"N=1000 rel_indexed",5,"S6_array_or","0.346"
"N=1000 rel_indexed",6,"S6_array_or","0.337"
"N=1000 rel_indexed",7,"S6_array_or","0.350"
"N=1000 rel_indexed",1,"S5_array_and","0.308"
"N=1000 rel_indexed",2,"S5_array_and","0.284"
"N=1000 rel_indexed",3,"S5_array_and","0.284"
"N=1000 rel_indexed",4,"S5_array_and","0.284"
"N=1000 rel_indexed",5,"S5_array_and","0.283"
"N=1000 rel_indexed",6,"S5_array_and","0.284"
"N=1000 rel_indexed",7,"S5_array_and","0.291"
"N=1000 rel_indexed",4,"S4_ts_range","0.044"
"N=1000 rel_indexed",5,"S4_ts_range","0.044"
"N=1000 rel_indexed",1,"S4_ts_range","0.041"
"N=1000 rel_indexed",2,"S4_ts_range","0.044"
"N=1000 rel_indexed",3,"S4_ts_range","0.044"
"N=1000 rel_indexed",6,"S4_ts_range","0.044"
"N=1000 rel_indexed",7,"S4_ts_range","0.044"
"N=1000 rel_indexed",1,"S3_trgm_contains","0.648"
"N=1000 rel_indexed",2,"S3_trgm_contains","0.623"
"N=1000 rel_indexed",3,"S3_trgm_contains","0.617"
"N=1000 rel_indexed",4,"S3_trgm_contains","0.587"
"N=1000 rel_indexed",5,"S3_trgm_contains","0.588"
"N=1000 rel_indexed",6,"S3_trgm_contains","0.617"
"N=1000 rel_indexed",7,"S3_trgm_contains","0.695"
"N=1000 rel_indexed",1,"S2_like_prefix","0.007"
"N=1000 rel_indexed",2,"S2_like_prefix","0.012"
"N=1000 rel_indexed",3,"S2_like_prefix","0.008"
"N=1000 rel_indexed",4,"S2_like_prefix","0.007"
"N=1000 rel_indexed",5,"S2_like_prefix","0.007"
"N=1000 rel_indexed",6,"S2_like_prefix","0.008"
"N=1000 rel_indexed",7,"S2_like_prefix","0.007"
"N=1000 rel_indexed",6,"S1_expr_eq_num","0.034"
"N=1000 rel_indexed",1,"S1_expr_eq_num","0.032"
"N=1000 rel_indexed",2,"S1_expr_eq_num","0.034"
"N=1000 rel_indexed",3,"S1_expr_eq_num","0.035"
"N=1000 rel_indexed",4,"S1_expr_eq_num","0.034"
"N=1000 rel_indexed",5,"S1_expr_eq_num","0.034"
"N=1000 rel_indexed",7,"S1_expr_eq_num","0.034"
"N=1000 rel_indexed",1,"S10_topn_order","0.044"
"N=1000 rel_indexed",2,"S10_topn_order","0.046"
"N=1000 rel_indexed",3,"S10_topn_order","0.045"
"N=1000 rel_indexed",4,"S10_topn_order","0.046"
"N=1000 rel_indexed",5,"S10_topn_order","0.045"
"N=1000 rel_indexed",6,"S10_topn_order","0.045"
"N=1000 rel_indexed",7,"S10_topn_order","0.047"
"N=1000 jsonb_unindexed",1,"S9_or_keys","0.648"
"N=1000 jsonb_unindexed",2,"S9_or_keys","0.659"
"N=1000 jsonb_unindexed",3,"S9_or_keys","0.702"
"N=1000 jsonb_unindexed",4,"S9_or_keys","1.158"
"N=1000 jsonb_unindexed",5,"S9_or_keys","0.757"
"N=1000 jsonb_unindexed",6,"S9_or_keys","0.725"
"N=1000 jsonb_unindexed",7,"S9_or_keys","0.700"
"N=1000 jsonb_unindexed",1,"S8_and3","0.423"
"N=1000 jsonb_unindexed",2,"S8_and3","0.466"
"N=1000 jsonb_unindexed",3,"S8_and3","0.466"
"N=1000 jsonb_unindexed",4,"S8_and3","0.426"
"N=1000 jsonb_unindexed",5,"S8_and3","0.544"
"N=1000 jsonb_unindexed",6,"S8_and3","0.479"
"N=1000 jsonb_unindexed",7,"S8_and3","0.422"
"N=1000 jsonb_unindexed",1,"S7_and2","0.372"
"N=1000 jsonb_unindexed",2,"S7_and2","0.445"
"N=1000 jsonb_unindexed",3,"S7_and2","0.403"
"N=1000 jsonb_unindexed",4,"S7_and2","0.448"
"N=1000 jsonb_unindexed",5,"S7_and2","0.379"
"N=1000 jsonb_unindexed",6,"S7_and2","0.378"
"N=1000 jsonb_unindexed",7,"S7_and2","0.457"
"N=1000 jsonb_unindexed",1,"S6_array_or","0.970"
"N=1000 jsonb_unindexed",2,"S6_array_or","0.810"
"N=1000 jsonb_unindexed",3,"S6_array_or","0.597"
"N=1000 jsonb_unindexed",4,"S6_array_or","0.903"
"N=1000 jsonb_unindexed",5,"S6_array_or","0.674"
"N=1000 jsonb_unindexed",6,"S6_array_or","0.685"
"N=1000 jsonb_unindexed",7,"S6_array_or","0.802"
"N=1000 jsonb_unindexed",1,"S5_array_and","0.396"
"N=1000 jsonb_unindexed",2,"S5_array_and","0.370"
"N=1000 jsonb_unindexed",3,"S5_array_and","0.372"
"N=1000 jsonb_unindexed",4,"S5_array_and","0.370"
"N=1000 jsonb_unindexed",5,"S5_array_and","0.372"
"N=1000 jsonb_unindexed",6,"S5_array_and","0.396"
"N=1000 jsonb_unindexed",7,"S5_array_and","0.370"
"N=1000 jsonb_unindexed",1,"S4_ts_range","0.743"
"N=1000 jsonb_unindexed",2,"S4_ts_range","0.703"
"N=1000 jsonb_unindexed",3,"S4_ts_range","0.704"
"N=1000 jsonb_unindexed",4,"S4_ts_range","0.727"
"N=1000 jsonb_unindexed",5,"S4_ts_range","0.743"
"N=1000 jsonb_unindexed",6,"S4_ts_range","0.708"
"N=1000 jsonb_unindexed",7,"S4_ts_range","0.747"
"N=1000 jsonb_unindexed",1,"S3_trgm_contains","0.779"
"N=1000 jsonb_unindexed",2,"S3_trgm_contains","0.791"
"N=1000 jsonb_unindexed",3,"S3_trgm_contains","0.795"
"N=1000 jsonb_unindexed",4,"S3_trgm_contains","0.767"
"N=1000 jsonb_unindexed",5,"S3_trgm_contains","0.776"
"N=1000 jsonb_unindexed",6,"S3_trgm_contains","0.772"
"N=1000 jsonb_unindexed",7,"S3_trgm_contains","0.777"
"N=1000 jsonb_unindexed",3,"S2_like_prefix","0.244"
"N=1000 jsonb_unindexed",1,"S2_like_prefix","0.215"
"N=1000 jsonb_unindexed",2,"S2_like_prefix","0.216"
"N=1000 jsonb_unindexed",4,"S2_like_prefix","0.215"
"N=1000 jsonb_unindexed",5,"S2_like_prefix","0.217"
"N=1000 jsonb_unindexed",6,"S2_like_prefix","0.217"
"N=1000 jsonb_unindexed",7,"S2_like_prefix","0.215"
"N=1000 jsonb_unindexed",1,"S1_expr_eq_num","0.269"
"N=1000 jsonb_unindexed",2,"S1_expr_eq_num","0.274"
"N=1000 jsonb_unindexed",3,"S1_expr_eq_num","0.273"
"N=1000 jsonb_unindexed",4,"S1_expr_eq_num","0.277"
"N=1000 jsonb_unindexed",5,"S1_expr_eq_num","0.273"
"N=1000 jsonb_unindexed",6,"S1_expr_eq_num","0.275"
"N=1000 jsonb_unindexed",7,"S1_expr_eq_num","0.273"
"N=1000 jsonb_unindexed",5,"S10_topn_order","0.319"
"N=1000 jsonb_unindexed",6,"S10_topn_order","0.341"
"N=1000 jsonb_unindexed",1,"S10_topn_order","0.321"
"N=1000 jsonb_unindexed",2,"S10_topn_order","0.363"
"N=1000 jsonb_unindexed",3,"S10_topn_order","0.319"
"N=1000 jsonb_unindexed",4,"S10_topn_order","0.350"
"N=1000 jsonb_unindexed",7,"S10_topn_order","0.328"
"N=1000 jsonb_indexed",1,"S9_or_keys","0.592"
"N=1000 jsonb_indexed",2,"S9_or_keys","0.570"
"N=1000 jsonb_indexed",3,"S9_or_keys","0.537"
"N=1000 jsonb_indexed",4,"S9_or_keys","0.579"
"N=1000 jsonb_indexed",5,"S9_or_keys","0.577"
"N=1000 jsonb_indexed",6,"S9_or_keys","0.557"
"N=1000 jsonb_indexed",7,"S9_or_keys","0.548"
"N=1000 jsonb_indexed",1,"S8_and3","0.462"
"N=1000 jsonb_indexed",2,"S8_and3","0.408"
"N=1000 jsonb_indexed",3,"S8_and3","0.741"
"N=1000 jsonb_indexed",4,"S8_and3","0.504"
"N=1000 jsonb_indexed",5,"S8_and3","0.437"
"N=1000 jsonb_indexed",6,"S8_and3","0.452"
"N=1000 jsonb_indexed",7,"S8_and3","0.408"
"N=1000 jsonb_indexed",7,"S7_and2","0.550"
"N=1000 jsonb_indexed",1,"S7_and2","0.365"
"N=1000 jsonb_indexed",2,"S7_and2","0.400"
"N=1000 jsonb_indexed",3,"S7_and2","0.771"
"N=1000 jsonb_indexed",4,"S7_and2","0.667"
"N=1000 jsonb_indexed",5,"S7_and2","0.478"
"N=1000 jsonb_indexed",6,"S7_and2","0.521"
"N=1000 jsonb_indexed",1,"S6_array_or","1.066"
"N=1000 jsonb_indexed",2,"S6_array_or","1.153"
"N=1000 jsonb_indexed",3,"S6_array_or","1.270"
"N=1000 jsonb_indexed",4,"S6_array_or","1.817"
"N=1000 jsonb_indexed",5,"S6_array_or","0.946"
"N=1000 jsonb_indexed",6,"S6_array_or","1.046"
"N=1000 jsonb_indexed",7,"S6_array_or","1.063"
"N=1000 jsonb_indexed",2,"S5_array_and","0.216"
"N=1000 jsonb_indexed",1,"S5_array_and","0.246"
"N=1000 jsonb_indexed",3,"S5_array_and","0.215"
"N=1000 jsonb_indexed",4,"S5_array_and","0.227"
"N=1000 jsonb_indexed",5,"S5_array_and","0.215"
"N=1000 jsonb_indexed",6,"S5_array_and","0.217"
"N=1000 jsonb_indexed",7,"S5_array_and","0.215"
"N=1000 jsonb_indexed",1,"S4_ts_range","0.081"
"N=1000 jsonb_indexed",2,"S4_ts_range","0.076"
"N=1000 jsonb_indexed",3,"S4_ts_range","0.076"
"N=1000 jsonb_indexed",4,"S4_ts_range","0.080"
"N=1000 jsonb_indexed",5,"S4_ts_range","0.075"
"N=1000 jsonb_indexed",6,"S4_ts_range","0.076"
"N=1000 jsonb_indexed",7,"S4_ts_range","0.078"
"N=1000 jsonb_indexed",4,"S3_trgm_contains","0.450"
"N=1000 jsonb_indexed",2,"S3_trgm_contains","0.479"
"N=1000 jsonb_indexed",3,"S3_trgm_contains","0.454"
"N=1000 jsonb_indexed",1,"S3_trgm_contains","0.472"
"N=1000 jsonb_indexed",5,"S3_trgm_contains","0.607"
"N=1000 jsonb_indexed",6,"S3_trgm_contains","0.477"
"N=1000 jsonb_indexed",7,"S3_trgm_contains","0.451"
"N=1000 jsonb_indexed",1,"S2_like_prefix","0.007"
"N=1000 jsonb_indexed",2,"S2_like_prefix","0.008"
"N=1000 jsonb_indexed",3,"S2_like_prefix","0.008"
"N=1000 jsonb_indexed",4,"S2_like_prefix","0.007"
"N=1000 jsonb_indexed",5,"S2_like_prefix","0.008"
"N=1000 jsonb_indexed",6,"S2_like_prefix","0.008"
"N=1000 jsonb_indexed",7,"S2_like_prefix","0.008"
"N=1000 jsonb_indexed",1,"S1_expr_eq_num","0.045"
"N=1000 jsonb_indexed",2,"S1_expr_eq_num","0.045"
"N=1000 jsonb_indexed",3,"S1_expr_eq_num","0.043"
"N=1000 jsonb_indexed",4,"S1_expr_eq_num","0.074"
"N=1000 jsonb_indexed",5,"S1_expr_eq_num","0.044"
"N=1000 jsonb_indexed",6,"S1_expr_eq_num","0.044"
"N=1000 jsonb_indexed",7,"S1_expr_eq_num","0.093"
"N=1000 jsonb_indexed",1,"S10_topn_order","0.103"
"N=1000 jsonb_indexed",2,"S10_topn_order","0.082"
"N=1000 jsonb_indexed",3,"S10_topn_order","0.080"
"N=1000 jsonb_indexed",4,"S10_topn_order","0.083"
"N=1000 jsonb_indexed",5,"S10_topn_order","0.085"
"N=1000 jsonb_indexed",6,"S10_topn_order","0.089"
"N=1000 jsonb_indexed",7,"S10_topn_order","0.086"
"N=10000 rel_unindexed",7,"S9_or_keys","2.413"
"N=10000 rel_unindexed",6,"S9_or_keys","2.449"
"N=10000 rel_unindexed",5,"S9_or_keys","2.430"
"N=10000 rel_unindexed",4,"S9_or_keys","2.519"
"N=10000 rel_unindexed",3,"S9_or_keys","2.488"
"N=10000 rel_unindexed",2,"S9_or_keys","2.410"
"N=10000 rel_unindexed",1,"S9_or_keys","2.452"
"N=10000 rel_unindexed",1,"S8_and3","3.767"
"N=10000 rel_unindexed",2,"S8_and3","4.088"
"N=10000 rel_unindexed",3,"S8_and3","3.334"
"N=10000 rel_unindexed",4,"S8_and3","3.099"
"N=10000 rel_unindexed",5,"S8_and3","4.246"
"N=10000 rel_unindexed",6,"S8_and3","3.637"
"N=10000 rel_unindexed",7,"S8_and3","4.161"
"N=10000 rel_unindexed",1,"S7_and2","2.232"
"N=10000 rel_unindexed",2,"S7_and2","2.692"
"N=10000 rel_unindexed",3,"S7_and2","2.161"
"N=10000 rel_unindexed",4,"S7_and2","2.035"
"N=10000 rel_unindexed",5,"S7_and2","3.108"
"N=10000 rel_unindexed",6,"S7_and2","2.263"
"N=10000 rel_unindexed",7,"S7_and2","2.279"
"N=10000 rel_unindexed",1,"S6_array_or","3.263"
"N=10000 rel_unindexed",2,"S6_array_or","3.255"
"N=10000 rel_unindexed",3,"S6_array_or","3.260"
"N=10000 rel_unindexed",4,"S6_array_or","3.257"
"N=10000 rel_unindexed",5,"S6_array_or","3.262"
"N=10000 rel_unindexed",6,"S6_array_or","3.563"
"N=10000 rel_unindexed",7,"S6_array_or","3.316"
"N=10000 rel_unindexed",1,"S5_array_and","4.811"
"N=10000 rel_unindexed",2,"S5_array_and","5.575"
"N=10000 rel_unindexed",3,"S5_array_and","6.354"
"N=10000 rel_unindexed",4,"S5_array_and","6.064"
"N=10000 rel_unindexed",5,"S5_array_and","6.038"
"N=10000 rel_unindexed",6,"S5_array_and","4.664"
"N=10000 rel_unindexed",7,"S5_array_and","4.893"
"N=10000 rel_unindexed",1,"S4_ts_range","3.082"
"N=10000 rel_unindexed",2,"S4_ts_range","3.685"
"N=10000 rel_unindexed",3,"S4_ts_range","4.350"
"N=10000 rel_unindexed",4,"S4_ts_range","3.356"
"N=10000 rel_unindexed",5,"S4_ts_range","3.113"
"N=10000 rel_unindexed",6,"S4_ts_range","4.362"
"N=10000 rel_unindexed",7,"S4_ts_range","2.647"
"N=10000 rel_unindexed",1,"S3_trgm_contains","7.668"
"N=10000 rel_unindexed",2,"S3_trgm_contains","7.583"
"N=10000 rel_unindexed",3,"S3_trgm_contains","7.573"
"N=10000 rel_unindexed",4,"S3_trgm_contains","7.707"
"N=10000 rel_unindexed",5,"S3_trgm_contains","7.774"
"N=10000 rel_unindexed",6,"S3_trgm_contains","7.250"
"N=10000 rel_unindexed",7,"S3_trgm_contains","6.822"
"N=10000 rel_unindexed",1,"S2_like_prefix","2.127"
"N=10000 rel_unindexed",2,"S2_like_prefix","3.166"
"N=10000 rel_unindexed",3,"S2_like_prefix","2.364"
"N=10000 rel_unindexed",4,"S2_like_prefix","2.141"
"N=10000 rel_unindexed",5,"S2_like_prefix","2.030"
"N=10000 rel_unindexed",6,"S2_like_prefix","1.993"
"N=10000 rel_unindexed",7,"S2_like_prefix","2.019"
"N=10000 rel_unindexed",1,"S1_expr_eq_num","2.654"
"N=10000 rel_unindexed",2,"S1_expr_eq_num","2.851"
"N=10000 rel_unindexed",3,"S1_expr_eq_num","2.662"
"N=10000 rel_unindexed",4,"S1_expr_eq_num","2.612"
"N=10000 rel_unindexed",5,"S1_expr_eq_num","2.619"
"N=10000 rel_unindexed",6,"S1_expr_eq_num","2.630"
"N=10000 rel_unindexed",7,"S1_expr_eq_num","2.849"
"N=10000 rel_unindexed",7,"S10_topn_order","1.241"
"N=10000 rel_unindexed",6,"S10_topn_order","1.291"
"N=10000 rel_unindexed",5,"S10_topn_order","1.309"
"N=10000 rel_unindexed",4,"S10_topn_order","1.375"
"N=10000 rel_unindexed",3,"S10_topn_order","1.422"
"N=10000 rel_unindexed",2,"S10_topn_order","1.304"
"N=10000 rel_unindexed",1,"S10_topn_order","1.354"
"N=10000 rel_indexed",5,"S9_or_keys","0.932"
"N=10000 rel_indexed",1,"S9_or_keys","0.931"
"N=10000 rel_indexed",2,"S9_or_keys","0.931"
"N=10000 rel_indexed",3,"S9_or_keys","0.967"
"N=10000 rel_indexed",4,"S9_or_keys","0.911"
"N=10000 rel_indexed",6,"S9_or_keys","0.929"
"N=10000 rel_indexed",7,"S9_or_keys","0.930"
"N=10000 rel_indexed",1,"S8_and3","0.010"
"N=10000 rel_indexed",2,"S8_and3","0.011"
"N=10000 rel_indexed",3,"S8_and3","0.010"
"N=10000 rel_indexed",4,"S8_and3","0.010"
"N=10000 rel_indexed",5,"S8_and3","0.010"
"N=10000 rel_indexed",6,"S8_and3","0.010"
"N=10000 rel_indexed",7,"S8_and3","0.009"
"N=10000 rel_indexed",1,"S7_and2","0.324"
"N=10000 rel_indexed",2,"S7_and2","0.328"
"N=10000 rel_indexed",3,"S7_and2","0.356"
"N=10000 rel_indexed",4,"S7_and2","0.335"
"N=10000 rel_indexed",5,"S7_and2","0.328"
"N=10000 rel_indexed",6,"S7_and2","0.446"
"N=10000 rel_indexed",7,"S7_and2","0.326"
"N=10000 rel_indexed",1,"S6_array_or","3.693"
"N=10000 rel_indexed",2,"S6_array_or","3.706"
"N=10000 rel_indexed",3,"S6_array_or","3.920"
"N=10000 rel_indexed",4,"S6_array_or","3.375"
"N=10000 rel_indexed",5,"S6_array_or","3.184"
"N=10000 rel_indexed",6,"S6_array_or","3.176"
"N=10000 rel_indexed",7,"S6_array_or","3.162"
"N=10000 rel_indexed",1,"S5_array_and","6.608"
"N=10000 rel_indexed",2,"S5_array_and","6.708"
"N=10000 rel_indexed",3,"S5_array_and","5.888"
"N=10000 rel_indexed",4,"S5_array_and","6.614"
"N=10000 rel_indexed",5,"S5_array_and","5.681"
"N=10000 rel_indexed",6,"S5_array_and","5.604"
"N=10000 rel_indexed",7,"S5_array_and","5.220"
"N=10000 rel_indexed",1,"S4_ts_range","0.450"
"N=10000 rel_indexed",2,"S4_ts_range","0.490"
"N=10000 rel_indexed",3,"S4_ts_range","0.530"
"N=10000 rel_indexed",4,"S4_ts_range","0.524"
"N=10000 rel_indexed",5,"S4_ts_range","0.484"
"N=10000 rel_indexed",6,"S4_ts_range","0.439"
"N=10000 rel_indexed",7,"S4_ts_range","0.453"
"N=10000 rel_indexed",1,"S3_trgm_contains","9.962"
"N=10000 rel_indexed",2,"S3_trgm_contains","12.376"
"N=10000 rel_indexed",3,"S3_trgm_contains","10.383"
"N=10000 rel_indexed",4,"S3_trgm_contains","11.525"
"N=10000 rel_indexed",5,"S3_trgm_contains","9.692"
"N=10000 rel_indexed",6,"S3_trgm_contains","9.192"
"N=10000 rel_indexed",7,"S3_trgm_contains","8.561"
"N=10000 rel_indexed",1,"S2_like_prefix","0.049"
"N=10000 rel_indexed",2,"S2_like_prefix","0.051"
"N=10000 rel_indexed",3,"S2_like_prefix","0.053"
"N=10000 rel_indexed",4,"S2_like_prefix","0.051"
"N=10000 rel_indexed",5,"S2_like_prefix","0.050"
"N=10000 rel_indexed",6,"S2_like_prefix","0.053"
"N=10000 rel_indexed",7,"S2_like_prefix","0.050"
"N=10000 rel_indexed",6,"S1_expr_eq_num","0.307"
"N=10000 rel_indexed",7,"S1_expr_eq_num","0.310"
"N=10000 rel_indexed",1,"S1_expr_eq_num","0.307"
"N=10000 rel_indexed",2,"S1_expr_eq_num","0.344"
"N=10000 rel_indexed",3,"S1_expr_eq_num","0.309"
"N=10000 rel_indexed",4,"S1_expr_eq_num","0.320"
"N=10000 rel_indexed",5,"S1_expr_eq_num","0.342"
"N=10000 rel_indexed",7,"S10_topn_order","0.044"
"N=10000 rel_indexed",6,"S10_topn_order","0.045"
"N=10000 rel_indexed",5,"S10_topn_order","0.044"
"N=10000 rel_indexed",4,"S10_topn_order","0.045"
"N=10000 rel_indexed",3,"S10_topn_order","0.045"
"N=10000 rel_indexed",2,"S10_topn_order","0.048"
"N=10000 rel_indexed",1,"S10_topn_order","0.043"
"N=10000 jsonb_unindexed",1,"S9_or_keys","8.170"
"N=10000 jsonb_unindexed",2,"S9_or_keys","7.941"
"N=10000 jsonb_unindexed",3,"S9_or_keys","7.840"
"N=10000 jsonb_unindexed",4,"S9_or_keys","7.836"
"N=10000 jsonb_unindexed",5,"S9_or_keys","7.734"
"N=10000 jsonb_unindexed",6,"S9_or_keys","7.661"
"N=10000 jsonb_unindexed",7,"S9_or_keys","6.687"
"N=10000 jsonb_unindexed",1,"S8_and3","2.679"
"N=10000 jsonb_unindexed",2,"S8_and3","2.855"
"N=10000 jsonb_unindexed",3,"S8_and3","2.494"
"N=10000 jsonb_unindexed",4,"S8_and3","2.400"
"N=10000 jsonb_unindexed",5,"S8_and3","2.721"
"N=10000 jsonb_unindexed",6,"S8_and3","2.895"
"N=10000 jsonb_unindexed",7,"S8_and3","3.733"
"N=10000 jsonb_unindexed",1,"S7_and2","1.900"
"N=10000 jsonb_unindexed",2,"S7_and2","1.938"
"N=10000 jsonb_unindexed",3,"S7_and2","1.888"
"N=10000 jsonb_unindexed",4,"S7_and2","1.874"
"N=10000 jsonb_unindexed",5,"S7_and2","1.845"
"N=10000 jsonb_unindexed",6,"S7_and2","2.033"
"N=10000 jsonb_unindexed",7,"S7_and2","1.855"
"N=10000 jsonb_unindexed",1,"S6_array_or","7.748"
"N=10000 jsonb_unindexed",2,"S6_array_or","7.349"
"N=10000 jsonb_unindexed",3,"S6_array_or","7.202"
"N=10000 jsonb_unindexed",4,"S6_array_or","7.037"
"N=10000 jsonb_unindexed",5,"S6_array_or","6.860"
"N=10000 jsonb_unindexed",6,"S6_array_or","6.846"
"N=10000 jsonb_unindexed",7,"S6_array_or","6.819"
"N=10000 jsonb_unindexed",1,"S5_array_and","11.714"
"N=10000 jsonb_unindexed",2,"S5_array_and","9.402"
"N=10000 jsonb_unindexed",3,"S5_array_and","9.531"
"N=10000 jsonb_unindexed",4,"S5_array_and","9.726"
"N=10000 jsonb_unindexed",5,"S5_array_and","10.809"
"N=10000 jsonb_unindexed",6,"S5_array_and","9.649"
"N=10000 jsonb_unindexed",7,"S5_array_and","12.588"
"N=10000 jsonb_unindexed",1,"S4_ts_range","9.885"
"N=10000 jsonb_unindexed",2,"S4_ts_range","11.240"
"N=10000 jsonb_unindexed",3,"S4_ts_range","12.996"
"N=10000 jsonb_unindexed",4,"S4_ts_range","12.663"
"N=10000 jsonb_unindexed",5,"S4_ts_range","13.848"
"N=10000 jsonb_unindexed",6,"S4_ts_range","14.660"
"N=10000 jsonb_unindexed",7,"S4_ts_range","11.937"
"N=10000 jsonb_unindexed",1,"S3_trgm_contains","18.048"
"N=10000 jsonb_unindexed",2,"S3_trgm_contains","20.604"
"N=10000 jsonb_unindexed",3,"S3_trgm_contains","15.305"
"N=10000 jsonb_unindexed",4,"S3_trgm_contains","18.645"
"N=10000 jsonb_unindexed",5,"S3_trgm_contains","15.973"
"N=10000 jsonb_unindexed",6,"S3_trgm_contains","14.288"
"N=10000 jsonb_unindexed",7,"S3_trgm_contains","15.744"
"N=10000 jsonb_unindexed",1,"S2_like_prefix","4.647"
"N=10000 jsonb_unindexed",2,"S2_like_prefix","4.604"
"N=10000 jsonb_unindexed",3,"S2_like_prefix","5.213"
"N=10000 jsonb_unindexed",4,"S2_like_prefix","6.621"
"N=10000 jsonb_unindexed",5,"S2_like_prefix","5.673"
"N=10000 jsonb_unindexed",6,"S2_like_prefix","5.721"
"N=10000 jsonb_unindexed",7,"S2_like_prefix","5.596"
"N=10000 jsonb_unindexed",1,"S1_expr_eq_num","3.687"
"N=10000 jsonb_unindexed",2,"S1_expr_eq_num","3.629"
"N=10000 jsonb_unindexed",3,"S1_expr_eq_num","3.997"
"N=10000 jsonb_unindexed",4,"S1_expr_eq_num","3.902"
"N=10000 jsonb_unindexed",5,"S1_expr_eq_num","3.828"
"N=10000 jsonb_unindexed",6,"S1_expr_eq_num","3.737"
"N=10000 jsonb_unindexed",7,"S1_expr_eq_num","3.749"
"N=10000 jsonb_unindexed",7,"S10_topn_order","4.166"
"N=10000 jsonb_unindexed",6,"S10_topn_order","4.130"
"N=10000 jsonb_unindexed",5,"S10_topn_order","4.025"
"N=10000 jsonb_unindexed",4,"S10_topn_order","3.914"
"N=10000 jsonb_unindexed",3,"S10_topn_order","3.954"
"N=10000 jsonb_unindexed",2,"S10_topn_order","3.944"
"N=10000 jsonb_unindexed",1,"S10_topn_order","3.968"
"N=10000 jsonb_indexed",6,"S9_or_keys","8.412"
"N=10000 jsonb_indexed",1,"S9_or_keys","10.219"
"N=10000 jsonb_indexed",2,"S9_or_keys","9.911"
"N=10000 jsonb_indexed",3,"S9_or_keys","9.493"
"N=10000 jsonb_indexed",4,"S9_or_keys","9.104"
"N=10000 jsonb_indexed",5,"S9_or_keys","8.650"
"N=10000 jsonb_indexed",7,"S9_or_keys","8.029"
"N=10000 jsonb_indexed",1,"S8_and3","1.754"
"N=10000 jsonb_indexed",2,"S8_and3","1.926"
"N=10000 jsonb_indexed",3,"S8_and3","2.269"
"N=10000 jsonb_indexed",4,"S8_and3","2.340"
"N=10000 jsonb_indexed",5,"S8_and3","2.785"
"N=10000 jsonb_indexed",6,"S8_and3","2.295"
"N=10000 jsonb_indexed",7,"S8_and3","2.373"
"N=10000 jsonb_indexed",1,"S7_and2","1.900"
"N=10000 jsonb_indexed",2,"S7_and2","1.884"
"N=10000 jsonb_indexed",3,"S7_and2","1.884"
"N=10000 jsonb_indexed",4,"S7_and2","1.856"
"N=10000 jsonb_indexed",5,"S7_and2","1.829"
"N=10000 jsonb_indexed",6,"S7_and2","1.825"
"N=10000 jsonb_indexed",7,"S7_and2","1.955"
"N=10000 jsonb_indexed",1,"S6_array_or","9.181"
"N=10000 jsonb_indexed",2,"S6_array_or","9.336"
"N=10000 jsonb_indexed",3,"S6_array_or","11.809"
"N=10000 jsonb_indexed",4,"S6_array_or","9.617"
"N=10000 jsonb_indexed",5,"S6_array_or","9.263"
"N=10000 jsonb_indexed",6,"S6_array_or","8.899"
"N=10000 jsonb_indexed",7,"S6_array_or","8.517"
"N=10000 jsonb_indexed",2,"S5_array_and","5.378"
"N=10000 jsonb_indexed",1,"S5_array_and","5.226"
"N=10000 jsonb_indexed",3,"S5_array_and","4.893"
"N=10000 jsonb_indexed",4,"S5_array_and","4.359"
"N=10000 jsonb_indexed",5,"S5_array_and","4.823"
"N=10000 jsonb_indexed",6,"S5_array_and","5.704"
"N=10000 jsonb_indexed",7,"S5_array_and","4.428"
"N=10000 jsonb_indexed",1,"S4_ts_range","0.497"
"N=10000 jsonb_indexed",2,"S4_ts_range","0.499"
"N=10000 jsonb_indexed",3,"S4_ts_range","0.565"
"N=10000 jsonb_indexed",4,"S4_ts_range","0.534"
"N=10000 jsonb_indexed",5,"S4_ts_range","0.501"
"N=10000 jsonb_indexed",6,"S4_ts_range","0.564"
"N=10000 jsonb_indexed",7,"S4_ts_range","0.542"
"N=10000 jsonb_indexed",1,"S3_trgm_contains","10.053"
"N=10000 jsonb_indexed",2,"S3_trgm_contains","7.494"
"N=10000 jsonb_indexed",3,"S3_trgm_contains","8.841"
"N=10000 jsonb_indexed",4,"S3_trgm_contains","9.894"
"N=10000 jsonb_indexed",5,"S3_trgm_contains","8.041"
"N=10000 jsonb_indexed",6,"S3_trgm_contains","7.923"
"N=10000 jsonb_indexed",7,"S3_trgm_contains","8.861"
"N=10000 jsonb_indexed",1,"S2_like_prefix","0.059"
"N=10000 jsonb_indexed",2,"S2_like_prefix","0.061"
"N=10000 jsonb_indexed",3,"S2_like_prefix","0.060"
"N=10000 jsonb_indexed",4,"S2_like_prefix","0.060"
"N=10000 jsonb_indexed",5,"S2_like_prefix","0.061"
"N=10000 jsonb_indexed",6,"S2_like_prefix","0.061"
"N=10000 jsonb_indexed",7,"S2_like_prefix","0.060"
"N=10000 jsonb_indexed",1,"S1_expr_eq_num","0.334"
"N=10000 jsonb_indexed",2,"S1_expr_eq_num","0.336"
"N=10000 jsonb_indexed",3,"S1_expr_eq_num","0.390"
"N=10000 jsonb_indexed",4,"S1_expr_eq_num","0.335"
"N=10000 jsonb_indexed",5,"S1_expr_eq_num","0.337"
"N=10000 jsonb_indexed",6,"S1_expr_eq_num","0.366"
"N=10000 jsonb_indexed",7,"S1_expr_eq_num","0.334"
"N=10000 jsonb_indexed",1,"S10_topn_order","0.039"
"N=10000 jsonb_indexed",2,"S10_topn_order","0.040"
"N=10000 jsonb_indexed",3,"S10_topn_order","0.043"
"N=10000 jsonb_indexed",4,"S10_topn_order","0.041"
"N=10000 jsonb_indexed",5,"S10_topn_order","0.040"
"N=10000 jsonb_indexed",6,"S10_topn_order","0.040"
"N=10000 jsonb_indexed",7,"S10_topn_order","0.039"
"N=100000 rel_unindexed",1,"S9_or_keys","33.815"
"N=100000 rel_unindexed",2,"S9_or_keys","33.334"
"N=100000 rel_unindexed",3,"S9_or_keys","33.125"
"N=100000 rel_unindexed",4,"S9_or_keys","33.124"
"N=100000 rel_unindexed",5,"S9_or_keys","34.262"
"N=100000 rel_unindexed",6,"S9_or_keys","33.664"
"N=100000 rel_unindexed",7,"S9_or_keys","33.172"
"N=100000 rel_unindexed",1,"S8_and3","30.326"
"N=100000 rel_unindexed",2,"S8_and3","29.118"
"N=100000 rel_unindexed",3,"S8_and3","28.453"
"N=100000 rel_unindexed",4,"S8_and3","27.809"
"N=100000 rel_unindexed",5,"S8_and3","28.876"
"N=100000 rel_unindexed",6,"S8_and3","27.866"
"N=100000 rel_unindexed",7,"S8_and3","27.190"
"N=100000 rel_unindexed",1,"S7_and2","27.703"
"N=100000 rel_unindexed",2,"S7_and2","27.477"
"N=100000 rel_unindexed",3,"S7_and2","27.409"
"N=100000 rel_unindexed",4,"S7_and2","27.289"
"N=100000 rel_unindexed",5,"S7_and2","27.341"
"N=100000 rel_unindexed",6,"S7_and2","29.364"
"N=100000 rel_unindexed",7,"S7_and2","27.947"
"N=100000 rel_unindexed",1,"S6_array_or","46.928"
"N=100000 rel_unindexed",2,"S6_array_or","41.570"
"N=100000 rel_unindexed",3,"S6_array_or","40.452"
"N=100000 rel_unindexed",4,"S6_array_or","42.190"
"N=100000 rel_unindexed",5,"S6_array_or","39.290"
"N=100000 rel_unindexed",6,"S6_array_or","42.328"
"N=100000 rel_unindexed",7,"S6_array_or","44.845"
"N=100000 rel_unindexed",1,"S5_array_and","41.036"
"N=100000 rel_unindexed",2,"S5_array_and","41.460"
"N=100000 rel_unindexed",3,"S5_array_and","39.265"
"N=100000 rel_unindexed",4,"S5_array_and","38.822"
"N=100000 rel_unindexed",5,"S5_array_and","40.287"
"N=100000 rel_unindexed",6,"S5_array_and","39.458"
"N=100000 rel_unindexed",7,"S5_array_and","39.995"
"N=100000 rel_unindexed",1,"S4_ts_range","20.967"
"N=100000 rel_unindexed",2,"S4_ts_range","23.148"
"N=100000 rel_unindexed",3,"S4_ts_range","21.718"
"N=100000 rel_unindexed",4,"S4_ts_range","21.459"
"N=100000 rel_unindexed",5,"S4_ts_range","21.574"
"N=100000 rel_unindexed",6,"S4_ts_range","21.497"
"N=100000 rel_unindexed",7,"S4_ts_range","20.698"
"N=100000 rel_unindexed",1,"S3_trgm_contains","68.470"
"N=100000 rel_unindexed",2,"S3_trgm_contains","67.816"
"N=100000 rel_unindexed",3,"S3_trgm_contains","67.153"
"N=100000 rel_unindexed",4,"S3_trgm_contains","64.941"
"N=100000 rel_unindexed",5,"S3_trgm_contains","65.000"
"N=100000 rel_unindexed",6,"S3_trgm_contains","69.390"
"N=100000 rel_unindexed",7,"S3_trgm_contains","70.107"
"N=100000 rel_unindexed",1,"S2_like_prefix","17.692"
"N=100000 rel_unindexed",2,"S2_like_prefix","17.432"
"N=100000 rel_unindexed",3,"S2_like_prefix","17.421"
"N=100000 rel_unindexed",4,"S2_like_prefix","18.376"
"N=100000 rel_unindexed",5,"S2_like_prefix","17.510"
"N=100000 rel_unindexed",6,"S2_like_prefix","17.445"
"N=100000 rel_unindexed",7,"S2_like_prefix","18.613"
"N=100000 rel_unindexed",1,"S1_expr_eq_num","39.867"
"N=100000 rel_unindexed",2,"S1_expr_eq_num","39.608"
"N=100000 rel_unindexed",3,"S1_expr_eq_num","38.127"
"N=100000 rel_unindexed",4,"S1_expr_eq_num","37.902"
"N=100000 rel_unindexed",5,"S1_expr_eq_num","39.198"
"N=100000 rel_unindexed",6,"S1_expr_eq_num","36.388"
"N=100000 rel_unindexed",7,"S1_expr_eq_num","36.890"
"N=100000 rel_unindexed",7,"S10_topn_order","20.463"
"N=100000 rel_unindexed",6,"S10_topn_order","24.067"
"N=100000 rel_unindexed",5,"S10_topn_order","36.417"
"N=100000 rel_unindexed",4,"S10_topn_order","31.814"
"N=100000 rel_unindexed",1,"S10_topn_order","21.280"
"N=100000 rel_unindexed",2,"S10_topn_order","26.103"
"N=100000 rel_unindexed",3,"S10_topn_order","26.665"
"N=100000 rel_indexed",1,"S9_or_keys","17.746"
"N=100000 rel_indexed",2,"S9_or_keys","16.763"
"N=100000 rel_indexed",3,"S9_or_keys","16.681"
"N=100000 rel_indexed",4,"S9_or_keys","16.491"
"N=100000 rel_indexed",5,"S9_or_keys","16.496"
"N=100000 rel_indexed",6,"S9_or_keys","15.944"
"N=100000 rel_indexed",7,"S9_or_keys","15.639"
"N=100000 rel_indexed",1,"S8_and3","0.010"
"N=100000 rel_indexed",2,"S8_and3","0.015"
"N=100000 rel_indexed",3,"S8_and3","0.010"
"N=100000 rel_indexed",4,"S8_and3","0.010"
"N=100000 rel_indexed",5,"S8_and3","0.011"
"N=100000 rel_indexed",6,"S8_and3","0.010"
"N=100000 rel_indexed",7,"S8_and3","0.010"
"N=100000 rel_indexed",1,"S7_and2","5.148"
"N=100000 rel_indexed",2,"S7_and2","4.952"
"N=100000 rel_indexed",3,"S7_and2","4.962"
"N=100000 rel_indexed",4,"S7_and2","4.853"
"N=100000 rel_indexed",5,"S7_and2","4.705"
"N=100000 rel_indexed",6,"S7_and2","4.733"
"N=100000 rel_indexed",7,"S7_and2","4.845"
"N=100000 rel_indexed",1,"S6_array_or","23.779"
"N=100000 rel_indexed",2,"S6_array_or","23.350"
"N=100000 rel_indexed",3,"S6_array_or","23.210"
"N=100000 rel_indexed",4,"S6_array_or","23.122"
"N=100000 rel_indexed",5,"S6_array_or","23.472"
"N=100000 rel_indexed",6,"S6_array_or","23.479"
"N=100000 rel_indexed",7,"S6_array_or","24.468"
"N=100000 rel_indexed",1,"S5_array_and","13.407"
"N=100000 rel_indexed",2,"S5_array_and","13.233"
"N=100000 rel_indexed",3,"S5_array_and","12.878"
"N=100000 rel_indexed",4,"S5_array_and","12.830"
"N=100000 rel_indexed",5,"S5_array_and","12.657"
"N=100000 rel_indexed",6,"S5_array_and","12.584"
"N=100000 rel_indexed",7,"S5_array_and","12.444"
"N=100000 rel_indexed",1,"S4_ts_range","5.173"
"N=100000 rel_indexed",2,"S4_ts_range","5.140"
"N=100000 rel_indexed",3,"S4_ts_range","4.959"
"N=100000 rel_indexed",4,"S4_ts_range","4.924"
"N=100000 rel_indexed",5,"S4_ts_range","4.950"
"N=100000 rel_indexed",6,"S4_ts_range","5.376"
"N=100000 rel_indexed",7,"S4_ts_range","6.649"
"N=100000 rel_indexed",1,"S3_trgm_contains","34.065"
"N=100000 rel_indexed",2,"S3_trgm_contains","33.900"
"N=100000 rel_indexed",3,"S3_trgm_contains","32.668"
"N=100000 rel_indexed",4,"S3_trgm_contains","32.720"
"N=100000 rel_indexed",5,"S3_trgm_contains","32.851"
"N=100000 rel_indexed",6,"S3_trgm_contains","33.206"
"N=100000 rel_indexed",7,"S3_trgm_contains","33.550"
"N=100000 rel_indexed",1,"S2_like_prefix","0.048"
"N=100000 rel_indexed",2,"S2_like_prefix","0.050"
"N=100000 rel_indexed",3,"S2_like_prefix","0.049"
"N=100000 rel_indexed",4,"S2_like_prefix","0.049"
"N=100000 rel_indexed",5,"S2_like_prefix","0.086"
"N=100000 rel_indexed",6,"S2_like_prefix","0.049"
"N=100000 rel_indexed",7,"S2_like_prefix","0.049"
"N=100000 rel_indexed",1,"S1_expr_eq_num","5.901"
"N=100000 rel_indexed",2,"S1_expr_eq_num","5.981"
"N=100000 rel_indexed",3,"S1_expr_eq_num","5.645"
"N=100000 rel_indexed",4,"S1_expr_eq_num","5.637"
"N=100000 rel_indexed",5,"S1_expr_eq_num","5.777"
"N=100000 rel_indexed",6,"S1_expr_eq_num","6.114"
"N=100000 rel_indexed",7,"S1_expr_eq_num","6.236"
"N=100000 rel_indexed",1,"S10_topn_order","0.057"
"N=100000 rel_indexed",2,"S10_topn_order","0.059"
"N=100000 rel_indexed",3,"S10_topn_order","0.063"
"N=100000 rel_indexed",4,"S10_topn_order","0.066"
"N=100000 rel_indexed",5,"S10_topn_order","0.057"
"N=100000 rel_indexed",6,"S10_topn_order","0.061"
"N=100000 rel_indexed",7,"S10_topn_order","0.056"
"N=100000 jsonb_unindexed",1,"S9_or_keys","66.395"
"N=100000 jsonb_unindexed",2,"S9_or_keys","68.901"
"N=100000 jsonb_unindexed",3,"S9_or_keys","67.630"
"N=100000 jsonb_unindexed",4,"S9_or_keys","69.198"
"N=100000 jsonb_unindexed",5,"S9_or_keys","68.223"
"N=100000 jsonb_unindexed",6,"S9_or_keys","76.175"
"N=100000 jsonb_unindexed",7,"S9_or_keys","71.803"
"N=100000 jsonb_unindexed",1,"S8_and3","1.529"
"N=100000 jsonb_unindexed",2,"S8_and3","1.527"
"N=100000 jsonb_unindexed",3,"S8_and3","1.481"
"N=100000 jsonb_unindexed",4,"S8_and3","1.581"
"N=100000 jsonb_unindexed",5,"S8_and3","1.559"
"N=100000 jsonb_unindexed",6,"S8_and3","2.779"
"N=100000 jsonb_unindexed",7,"S8_and3","1.880"
"N=100000 jsonb_unindexed",1,"S7_and2","8.462"
"N=100000 jsonb_unindexed",2,"S7_and2","8.572"
"N=100000 jsonb_unindexed",3,"S7_and2","8.580"
"N=100000 jsonb_unindexed",4,"S7_and2","8.237"
"N=100000 jsonb_unindexed",5,"S7_and2","8.595"
"N=100000 jsonb_unindexed",6,"S7_and2","8.248"
"N=100000 jsonb_unindexed",7,"S7_and2","8.096"
"N=100000 jsonb_unindexed",1,"S6_array_or","84.175"
"N=100000 jsonb_unindexed",2,"S6_array_or","85.302"
"N=100000 jsonb_unindexed",3,"S6_array_or","83.565"
"N=100000 jsonb_unindexed",4,"S6_array_or","83.526"
"N=100000 jsonb_unindexed",5,"S6_array_or","83.365"
"N=100000 jsonb_unindexed",6,"S6_array_or","84.607"
"N=100000 jsonb_unindexed",7,"S6_array_or","83.113"
"N=100000 jsonb_unindexed",1,"S5_array_and","66.437"
"N=100000 jsonb_unindexed",2,"S5_array_and","64.161"
"N=100000 jsonb_unindexed",3,"S5_array_and","64.298"
"N=100000 jsonb_unindexed",4,"S5_array_and","67.312"
"N=100000 jsonb_unindexed",5,"S5_array_and","67.036"
"N=100000 jsonb_unindexed",6,"S5_array_and","65.689"
"N=100000 jsonb_unindexed",7,"S5_array_and","66.241"
"N=100000 jsonb_unindexed",1,"S4_ts_range","36.612"
"N=100000 jsonb_unindexed",2,"S4_ts_range","36.822"
"N=100000 jsonb_unindexed",3,"S4_ts_range","37.017"
"N=100000 jsonb_unindexed",4,"S4_ts_range","36.795"
"N=100000 jsonb_unindexed",5,"S4_ts_range","36.950"
"N=100000 jsonb_unindexed",6,"S4_ts_range","36.939"
"N=100000 jsonb_unindexed",7,"S4_ts_range","36.801"
"N=100000 jsonb_unindexed",1,"S3_trgm_contains","114.700"
"N=100000 jsonb_unindexed",2,"S3_trgm_contains","108.298"
"N=100000 jsonb_unindexed",3,"S3_trgm_contains","110.538"
"N=100000 jsonb_unindexed",4,"S3_trgm_contains","119.270"
"N=100000 jsonb_unindexed",5,"S3_trgm_contains","120.294"
"N=100000 jsonb_unindexed",6,"S3_trgm_contains","129.183"
"N=100000 jsonb_unindexed",7,"S3_trgm_contains","146.658"
"N=100000 jsonb_unindexed",1,"S2_like_prefix","50.868"
"N=100000 jsonb_unindexed",2,"S2_like_prefix","46.392"
"N=100000 jsonb_unindexed",3,"S2_like_prefix","43.753"
"N=100000 jsonb_unindexed",4,"S2_like_prefix","43.341"
"N=100000 jsonb_unindexed",5,"S2_like_prefix","43.312"
"N=100000 jsonb_unindexed",6,"S2_like_prefix","43.938"
"N=100000 jsonb_unindexed",7,"S2_like_prefix","43.380"
"N=100000 jsonb_unindexed",1,"S1_expr_eq_num","29.774"
"N=100000 jsonb_unindexed",2,"S1_expr_eq_num","28.527"
"N=100000 jsonb_unindexed",3,"S1_expr_eq_num","38.875"
"N=100000 jsonb_unindexed",4,"S1_expr_eq_num","40.885"
"N=100000 jsonb_unindexed",5,"S1_expr_eq_num","35.275"
"N=100000 jsonb_unindexed",6,"S1_expr_eq_num","28.433"
"N=100000 jsonb_unindexed",7,"S1_expr_eq_num","28.662"
"N=100000 jsonb_unindexed",1,"S10_topn_order","67.744"
"N=100000 jsonb_unindexed",2,"S10_topn_order","70.027"
"N=100000 jsonb_unindexed",3,"S10_topn_order","53.175"
"N=100000 jsonb_unindexed",4,"S10_topn_order","51.680"
"N=100000 jsonb_unindexed",5,"S10_topn_order","52.199"
"N=100000 jsonb_unindexed",6,"S10_topn_order","53.287"
"N=100000 jsonb_unindexed",7,"S10_topn_order","67.740"
"N=100000 jsonb_indexed",1,"S9_or_keys","67.740"
"N=100000 jsonb_indexed",2,"S9_or_keys","64.436"
"N=100000 jsonb_indexed",3,"S9_or_keys","68.357"
"N=100000 jsonb_indexed",4,"S9_or_keys","65.116"
"N=100000 jsonb_indexed",5,"S9_or_keys","63.731"
"N=100000 jsonb_indexed",6,"S9_or_keys","65.697"
"N=100000 jsonb_indexed",7,"S9_or_keys","64.725"
"N=100000 jsonb_indexed",1,"S8_and3","1.532"
"N=100000 jsonb_indexed",2,"S8_and3","1.601"
"N=100000 jsonb_indexed",3,"S8_and3","1.547"
"N=100000 jsonb_indexed",4,"S8_and3","1.532"
"N=100000 jsonb_indexed",5,"S8_and3","1.484"
"N=100000 jsonb_indexed",6,"S8_and3","1.578"
"N=100000 jsonb_indexed",7,"S8_and3","1.526"
"N=100000 jsonb_indexed",1,"S7_and2","7.596"
"N=100000 jsonb_indexed",2,"S7_and2","7.815"
"N=100000 jsonb_indexed",3,"S7_and2","8.085"
"N=100000 jsonb_indexed",4,"S7_and2","8.073"
"N=100000 jsonb_indexed",5,"S7_and2","9.695"
"N=100000 jsonb_indexed",6,"S7_and2","9.264"
"N=100000 jsonb_indexed",7,"S7_and2","9.097"
"N=100000 jsonb_indexed",1,"S6_array_or","87.937"
"N=100000 jsonb_indexed",2,"S6_array_or","87.809"
"N=100000 jsonb_indexed",3,"S6_array_or","88.184"
"N=100000 jsonb_indexed",4,"S6_array_or","88.987"
"N=100000 jsonb_indexed",5,"S6_array_or","89.492"
"N=100000 jsonb_indexed",6,"S6_array_or","89.671"
"N=100000 jsonb_indexed",7,"S6_array_or","88.394"
"N=100000 jsonb_indexed",1,"S5_array_and","22.792"
"N=100000 jsonb_indexed",2,"S5_array_and","23.586"
"N=100000 jsonb_indexed",3,"S5_array_and","23.823"
"N=100000 jsonb_indexed",4,"S5_array_and","44.732"
"N=100000 jsonb_indexed",5,"S5_array_and","22.159"
"N=100000 jsonb_indexed",6,"S5_array_and","24.265"
"N=100000 jsonb_indexed",7,"S5_array_and","23.331"
"N=100000 jsonb_indexed",1,"S4_ts_range","7.177"
"N=100000 jsonb_indexed",2,"S4_ts_range","7.173"
"N=100000 jsonb_indexed",3,"S4_ts_range","6.937"
"N=100000 jsonb_indexed",4,"S4_ts_range","6.805"
"N=100000 jsonb_indexed",5,"S4_ts_range","6.744"
"N=100000 jsonb_indexed",6,"S4_ts_range","6.872"
"N=100000 jsonb_indexed",7,"S4_ts_range","6.827"
"N=100000 jsonb_indexed",1,"S3_trgm_contains","48.314"
"N=100000 jsonb_indexed",2,"S3_trgm_contains","49.364"
"N=100000 jsonb_indexed",3,"S3_trgm_contains","45.571"
"N=100000 jsonb_indexed",4,"S3_trgm_contains","46.503"
"N=100000 jsonb_indexed",5,"S3_trgm_contains","48.352"
"N=100000 jsonb_indexed",6,"S3_trgm_contains","49.400"
"N=100000 jsonb_indexed",7,"S3_trgm_contains","50.224"
"N=100000 jsonb_indexed",1,"S2_like_prefix","0.083"
"N=100000 jsonb_indexed",2,"S2_like_prefix","0.082"
"N=100000 jsonb_indexed",3,"S2_like_prefix","0.081"
"N=100000 jsonb_indexed",4,"S2_like_prefix","0.074"
"N=100000 jsonb_indexed",5,"S2_like_prefix","0.074"
"N=100000 jsonb_indexed",6,"S2_like_prefix","0.068"
"N=100000 jsonb_indexed",7,"S2_like_prefix","0.110"
"N=100000 jsonb_indexed",1,"S1_expr_eq_num","11.934"
"N=100000 jsonb_indexed",2,"S1_expr_eq_num","8.408"
"N=100000 jsonb_indexed",3,"S1_expr_eq_num","8.836"
"N=100000 jsonb_indexed",4,"S1_expr_eq_num","7.702"
"N=100000 jsonb_indexed",5,"S1_expr_eq_num","8.433"
"N=100000 jsonb_indexed",6,"S1_expr_eq_num","7.795"
"N=100000 jsonb_indexed",7,"S1_expr_eq_num","7.963"
"N=100000 jsonb_indexed",1,"S10_topn_order","0.047"
"N=100000 jsonb_indexed",2,"S10_topn_order","0.050"
"N=100000 jsonb_indexed",3,"S10_topn_order","0.054"
"N=100000 jsonb_indexed",4,"S10_topn_order","0.050"
"N=100000 jsonb_indexed",5,"S10_topn_order","0.049"
"N=100000 jsonb_indexed",6,"S10_topn_order","0.052"
"N=100000 jsonb_indexed",7,"S10_topn_order","0.049"
"N=1000000 rel_unindexed",1,"S9_or_keys","364.199"
"N=1000000 rel_unindexed",2,"S9_or_keys","392.334"
"N=1000000 rel_unindexed",3,"S9_or_keys","354.507"
"N=1000000 rel_unindexed",4,"S9_or_keys","354.646"
"N=1000000 rel_unindexed",5,"S9_or_keys","370.733"
"N=1000000 rel_unindexed",6,"S9_or_keys","350.122"
"N=1000000 rel_unindexed",7,"S9_or_keys","358.091"
"N=1000000 rel_unindexed",1,"S8_and3","92.122"
"N=1000000 rel_unindexed",2,"S8_and3","100.792"
"N=1000000 rel_unindexed",3,"S8_and3","103.908"
"N=1000000 rel_unindexed",4,"S8_and3","98.908"
"N=1000000 rel_unindexed",5,"S8_and3","88.514"
"N=1000000 rel_unindexed",6,"S8_and3","90.878"
"N=1000000 rel_unindexed",7,"S8_and3","85.653"
"N=1000000 rel_unindexed",1,"S7_and2","100.158"
"N=1000000 rel_unindexed",2,"S7_and2","93.502"
"N=1000000 rel_unindexed",3,"S7_and2","110.699"
"N=1000000 rel_unindexed",4,"S7_and2","99.160"
"N=1000000 rel_unindexed",5,"S7_and2","93.671"
"N=1000000 rel_unindexed",6,"S7_and2","96.071"
"N=1000000 rel_unindexed",7,"S7_and2","102.563"
"N=1000000 rel_unindexed",1,"S6_array_or","451.228"
"N=1000000 rel_unindexed",2,"S6_array_or","475.548"
"N=1000000 rel_unindexed",3,"S6_array_or","462.399"
"N=1000000 rel_unindexed",4,"S6_array_or","459.337"
"N=1000000 rel_unindexed",5,"S6_array_or","469.487"
"N=1000000 rel_unindexed",6,"S6_array_or","528.401"
"N=1000000 rel_unindexed",7,"S6_array_or","436.067"
"N=1000000 rel_unindexed",1,"S5_array_and","423.709"
"N=1000000 rel_unindexed",2,"S5_array_and","418.134"
"N=1000000 rel_unindexed",3,"S5_array_and","425.324"
"N=1000000 rel_unindexed",4,"S5_array_and","430.806"
"N=1000000 rel_unindexed",5,"S5_array_and","463.618"
"N=1000000 rel_unindexed",6,"S5_array_and","483.625"
"N=1000000 rel_unindexed",7,"S5_array_and","423.327"
"N=1000000 rel_unindexed",1,"S4_ts_range","74.589"
"N=1000000 rel_unindexed",2,"S4_ts_range","77.797"
"N=1000000 rel_unindexed",3,"S4_ts_range","74.776"
"N=1000000 rel_unindexed",4,"S4_ts_range","79.507"
"N=1000000 rel_unindexed",5,"S4_ts_range","76.288"
"N=1000000 rel_unindexed",6,"S4_ts_range","78.334"
"N=1000000 rel_unindexed",7,"S4_ts_range","98.481"
"N=1000000 rel_unindexed",1,"S3_trgm_contains","762.810"
"N=1000000 rel_unindexed",2,"S3_trgm_contains","744.164"
"N=1000000 rel_unindexed",3,"S3_trgm_contains","689.159"
"N=1000000 rel_unindexed",4,"S3_trgm_contains","744.178"
"N=1000000 rel_unindexed",5,"S3_trgm_contains","834.382"
"N=1000000 rel_unindexed",6,"S3_trgm_contains","768.957"
"N=1000000 rel_unindexed",7,"S3_trgm_contains","784.547"
"N=1000000 rel_unindexed",1,"S2_like_prefix","59.234"
"N=1000000 rel_unindexed",2,"S2_like_prefix","60.710"
"N=1000000 rel_unindexed",3,"S2_like_prefix","58.430"
"N=1000000 rel_unindexed",4,"S2_like_prefix","57.712"
"N=1000000 rel_unindexed",5,"S2_like_prefix","59.149"
"N=1000000 rel_unindexed",6,"S2_like_prefix","65.315"
"N=1000000 rel_unindexed",7,"S2_like_prefix","69.149"
"N=1000000 rel_unindexed",1,"S1_expr_eq_num","112.954"
"N=1000000 rel_unindexed",2,"S1_expr_eq_num","108.190"
"N=1000000 rel_unindexed",3,"S1_expr_eq_num","113.508"
"N=1000000 rel_unindexed",4,"S1_expr_eq_num","102.370"
"N=1000000 rel_unindexed",5,"S1_expr_eq_num","96.549"
"N=1000000 rel_unindexed",6,"S1_expr_eq_num","115.337"
"N=1000000 rel_unindexed",7,"S1_expr_eq_num","104.094"
"N=1000000 rel_unindexed",7,"S10_topn_order","66.586"
"N=1000000 rel_unindexed",6,"S10_topn_order","62.902"
"N=1000000 rel_unindexed",5,"S10_topn_order","61.355"
"N=1000000 rel_unindexed",1,"S10_topn_order","62.162"
"N=1000000 rel_unindexed",2,"S10_topn_order","58.446"
"N=1000000 rel_unindexed",3,"S10_topn_order","61.297"
"N=1000000 rel_unindexed",4,"S10_topn_order","62.798"
"N=1000000 rel_indexed",1,"S9_or_keys","178.999"
"N=1000000 rel_indexed",2,"S9_or_keys","180.402"
"N=1000000 rel_indexed",3,"S9_or_keys","182.009"
"N=1000000 rel_indexed",4,"S9_or_keys","193.647"
"N=1000000 rel_indexed",5,"S9_or_keys","181.834"
"N=1000000 rel_indexed",6,"S9_or_keys","179.084"
"N=1000000 rel_indexed",7,"S9_or_keys","177.669"
"N=1000000 rel_indexed",1,"S8_and3","0.020"
"N=1000000 rel_indexed",2,"S8_and3","0.029"
"N=1000000 rel_indexed",3,"S8_and3","0.018"
"N=1000000 rel_indexed",4,"S8_and3","0.014"
"N=1000000 rel_indexed",5,"S8_and3","0.020"
"N=1000000 rel_indexed",6,"S8_and3","0.015"
"N=1000000 rel_indexed",7,"S8_and3","0.012"
"N=1000000 rel_indexed",1,"S7_and2","69.536"
"N=1000000 rel_indexed",2,"S7_and2","70.557"
"N=1000000 rel_indexed",3,"S7_and2","73.854"
"N=1000000 rel_indexed",4,"S7_and2","76.409"
"N=1000000 rel_indexed",5,"S7_and2","70.925"
"N=1000000 rel_indexed",6,"S7_and2","67.195"
"N=1000000 rel_indexed",7,"S7_and2","104.654"
"N=1000000 rel_indexed",1,"S6_array_or","262.311"
"N=1000000 rel_indexed",2,"S6_array_or","255.262"
"N=1000000 rel_indexed",3,"S6_array_or","254.202"
"N=1000000 rel_indexed",4,"S6_array_or","250.857"
"N=1000000 rel_indexed",5,"S6_array_or","267.500"
"N=1000000 rel_indexed",6,"S6_array_or","256.510"
"N=1000000 rel_indexed",7,"S6_array_or","242.245"
"N=1000000 rel_indexed",1,"S5_array_and","133.425"
"N=1000000 rel_indexed",2,"S5_array_and","128.689"
"N=1000000 rel_indexed",3,"S5_array_and","126.724"
"N=1000000 rel_indexed",4,"S5_array_and","128.249"
"N=1000000 rel_indexed",5,"S5_array_and","126.578"
"N=1000000 rel_indexed",6,"S5_array_and","120.504"
"N=1000000 rel_indexed",7,"S5_array_and","120.009"
"N=1000000 rel_indexed",1,"S4_ts_range","71.853"
"N=1000000 rel_indexed",2,"S4_ts_range","69.950"
"N=1000000 rel_indexed",3,"S4_ts_range","71.304"
"N=1000000 rel_indexed",4,"S4_ts_range","74.547"
"N=1000000 rel_indexed",5,"S4_ts_range","78.286"
"N=1000000 rel_indexed",6,"S4_ts_range","76.557"
"N=1000000 rel_indexed",7,"S4_ts_range","73.409"
"N=1000000 rel_indexed",1,"S3_trgm_contains","249.326"
"N=1000000 rel_indexed",2,"S3_trgm_contains","261.077"
"N=1000000 rel_indexed",3,"S3_trgm_contains","236.873"
"N=1000000 rel_indexed",4,"S3_trgm_contains","244.513"
"N=1000000 rel_indexed",5,"S3_trgm_contains","258.464"
"N=1000000 rel_indexed",6,"S3_trgm_contains","281.632"
"N=1000000 rel_indexed",7,"S3_trgm_contains","259.727"
"N=1000000 rel_indexed",1,"S2_like_prefix","0.048"
"N=1000000 rel_indexed",2,"S2_like_prefix","0.051"
"N=1000000 rel_indexed",3,"S2_like_prefix","0.051"
"N=1000000 rel_indexed",4,"S2_like_prefix","0.049"
"N=1000000 rel_indexed",5,"S2_like_prefix","0.051"
"N=1000000 rel_indexed",6,"S2_like_prefix","0.050"
"N=1000000 rel_indexed",7,"S2_like_prefix","0.049"
"N=1000000 rel_indexed",1,"S1_expr_eq_num","55.534"
"N=1000000 rel_indexed",2,"S1_expr_eq_num","56.485"
"N=1000000 rel_indexed",3,"S1_expr_eq_num","55.131"
"N=1000000 rel_indexed",4,"S1_expr_eq_num","54.812"
"N=1000000 rel_indexed",5,"S1_expr_eq_num","55.040"
"N=1000000 rel_indexed",6,"S1_expr_eq_num","54.924"
"N=1000000 rel_indexed",7,"S1_expr_eq_num","56.240"
"N=1000000 rel_indexed",1,"S10_topn_order","0.059"
"N=1000000 rel_indexed",2,"S10_topn_order","0.070"
"N=1000000 rel_indexed",3,"S10_topn_order","0.120"
"N=1000000 rel_indexed",4,"S10_topn_order","0.078"
"N=1000000 rel_indexed",5,"S10_topn_order","0.061"
"N=1000000 rel_indexed",6,"S10_topn_order","0.064"
"N=1000000 rel_indexed",7,"S10_topn_order","0.060"
"N=1000000 jsonb_unindexed",7,"S9_or_keys","762.635"
"N=1000000 jsonb_unindexed",6,"S9_or_keys","832.647"
"N=1000000 jsonb_unindexed",5,"S9_or_keys","827.018"
"N=1000000 jsonb_unindexed",4,"S9_or_keys","739.466"
"N=1000000 jsonb_unindexed",3,"S9_or_keys","778.019"
"N=1000000 jsonb_unindexed",2,"S9_or_keys","759.454"
"N=1000000 jsonb_unindexed",1,"S9_or_keys","737.785"
"N=1000000 jsonb_unindexed",1,"S8_and3","2.445"
"N=1000000 jsonb_unindexed",2,"S8_and3","2.291"
"N=1000000 jsonb_unindexed",3,"S8_and3","2.046"
"N=1000000 jsonb_unindexed",4,"S8_and3","3.508"
"N=1000000 jsonb_unindexed",5,"S8_and3","1.426"
"N=1000000 jsonb_unindexed",6,"S8_and3","1.273"
"N=1000000 jsonb_unindexed",7,"S8_and3","1.396"
"N=1000000 jsonb_unindexed",1,"S7_and2","87.492"
"N=1000000 jsonb_unindexed",2,"S7_and2","113.046"
"N=1000000 jsonb_unindexed",3,"S7_and2","99.732"
"N=1000000 jsonb_unindexed",4,"S7_and2","101.117"
"N=1000000 jsonb_unindexed",5,"S7_and2","91.867"
"N=1000000 jsonb_unindexed",6,"S7_and2","91.640"
"N=1000000 jsonb_unindexed",7,"S7_and2","89.218"
"N=1000000 jsonb_unindexed",1,"S6_array_or","298.334"
"N=1000000 jsonb_unindexed",2,"S6_array_or","300.384"
"N=1000000 jsonb_unindexed",3,"S6_array_or","295.201"
"N=1000000 jsonb_unindexed",4,"S6_array_or","278.539"
"N=1000000 jsonb_unindexed",5,"S6_array_or","267.815"
"N=1000000 jsonb_unindexed",6,"S6_array_or","295.017"
"N=1000000 jsonb_unindexed",7,"S6_array_or","297.479"
"N=1000000 jsonb_unindexed",1,"S5_array_and","188.098"
"N=1000000 jsonb_unindexed",2,"S5_array_and","212.426"
"N=1000000 jsonb_unindexed",3,"S5_array_and","188.008"
"N=1000000 jsonb_unindexed",4,"S5_array_and","181.772"
"N=1000000 jsonb_unindexed",5,"S5_array_and","185.178"
"N=1000000 jsonb_unindexed",6,"S5_array_and","191.066"
"N=1000000 jsonb_unindexed",7,"S5_array_and","218.031"
"N=1000000 jsonb_unindexed",1,"S4_ts_range","317.636"
"N=1000000 jsonb_unindexed",2,"S4_ts_range","281.372"
"N=1000000 jsonb_unindexed",3,"S4_ts_range","303.353"
"N=1000000 jsonb_unindexed",4,"S4_ts_range","304.321"
"N=1000000 jsonb_unindexed",5,"S4_ts_range","305.065"
"N=1000000 jsonb_unindexed",6,"S4_ts_range","356.529"
"N=1000000 jsonb_unindexed",7,"S4_ts_range","306.577"
"N=1000000 jsonb_unindexed",1,"S3_trgm_contains","283.588"
"N=1000000 jsonb_unindexed",2,"S3_trgm_contains","284.132"
"N=1000000 jsonb_unindexed",3,"S3_trgm_contains","315.003"
"N=1000000 jsonb_unindexed",4,"S3_trgm_contains","286.824"
"N=1000000 jsonb_unindexed",5,"S3_trgm_contains","308.072"
"N=1000000 jsonb_unindexed",6,"S3_trgm_contains","355.784"
"N=1000000 jsonb_unindexed",7,"S3_trgm_contains","309.200"
"N=1000000 jsonb_unindexed",1,"S2_like_prefix","137.853"
"N=1000000 jsonb_unindexed",2,"S2_like_prefix","126.630"
"N=1000000 jsonb_unindexed",3,"S2_like_prefix","124.249"
"N=1000000 jsonb_unindexed",4,"S2_like_prefix","124.787"
"N=1000000 jsonb_unindexed",5,"S2_like_prefix","126.077"
"N=1000000 jsonb_unindexed",6,"S2_like_prefix","128.774"
"N=1000000 jsonb_unindexed",7,"S2_like_prefix","131.500"
"N=1000000 jsonb_unindexed",1,"S1_expr_eq_num","143.303"
"N=1000000 jsonb_unindexed",2,"S1_expr_eq_num","138.642"
"N=1000000 jsonb_unindexed",3,"S1_expr_eq_num","141.352"
"N=1000000 jsonb_unindexed",4,"S1_expr_eq_num","140.906"
"N=1000000 jsonb_unindexed",5,"S1_expr_eq_num","141.319"
"N=1000000 jsonb_unindexed",6,"S1_expr_eq_num","152.719"
"N=1000000 jsonb_unindexed",7,"S1_expr_eq_num","146.886"
"N=1000000 jsonb_unindexed",7,"S10_topn_order","162.228"
"N=1000000 jsonb_unindexed",6,"S10_topn_order","155.857"
"N=1000000 jsonb_unindexed",5,"S10_topn_order","184.684"
"N=1000000 jsonb_unindexed",4,"S10_topn_order","152.298"
"N=1000000 jsonb_unindexed",3,"S10_topn_order","163.901"
"N=1000000 jsonb_unindexed",2,"S10_topn_order","157.599"
"N=1000000 jsonb_unindexed",1,"S10_topn_order","148.953"
"N=1000000 jsonb_indexed",7,"S9_or_keys","700.988"
"N=1000000 jsonb_indexed",6,"S9_or_keys","697.307"
"N=1000000 jsonb_indexed",5,"S9_or_keys","702.364"
"N=1000000 jsonb_indexed",4,"S9_or_keys","679.620"
"N=1000000 jsonb_indexed",3,"S9_or_keys","672.989"
"N=1000000 jsonb_indexed",2,"S9_or_keys","700.530"
"N=1000000 jsonb_indexed",1,"S9_or_keys","685.426"
"N=1000000 jsonb_indexed",1,"S8_and3","1.185"
"N=1000000 jsonb_indexed",2,"S8_and3","1.470"
"N=1000000 jsonb_indexed",3,"S8_and3","1.352"
"N=1000000 jsonb_indexed",4,"S8_and3","1.635"
"N=1000000 jsonb_indexed",5,"S8_and3","1.099"
"N=1000000 jsonb_indexed",6,"S8_and3","1.071"
"N=1000000 jsonb_indexed",7,"S8_and3","1.380"
"N=1000000 jsonb_indexed",1,"S7_and2","87.555"
"N=1000000 jsonb_indexed",2,"S7_and2","86.949"
"N=1000000 jsonb_indexed",3,"S7_and2","90.671"
"N=1000000 jsonb_indexed",4,"S7_and2","87.416"
"N=1000000 jsonb_indexed",5,"S7_and2","87.874"
"N=1000000 jsonb_indexed",6,"S7_and2","84.773"
"N=1000000 jsonb_indexed",7,"S7_and2","83.382"
"N=1000000 jsonb_indexed",1,"S6_array_or","969.741"
"N=1000000 jsonb_indexed",2,"S6_array_or","969.394"
"N=1000000 jsonb_indexed",3,"S6_array_or","971.133"
"N=1000000 jsonb_indexed",4,"S6_array_or","1015.060"
"N=1000000 jsonb_indexed",5,"S6_array_or","948.419"
"N=1000000 jsonb_indexed",6,"S6_array_or","947.175"
"N=1000000 jsonb_indexed",7,"S6_array_or","1035.245"
"N=1000000 jsonb_indexed",1,"S5_array_and","271.524"
"N=1000000 jsonb_indexed",2,"S5_array_and","268.234"
"N=1000000 jsonb_indexed",3,"S5_array_and","266.892"
"N=1000000 jsonb_indexed",4,"S5_array_and","269.053"
"N=1000000 jsonb_indexed",5,"S5_array_and","281.780"
"N=1000000 jsonb_indexed",6,"S5_array_and","273.547"
"N=1000000 jsonb_indexed",7,"S5_array_and","305.785"
"N=1000000 jsonb_indexed",1,"S4_ts_range","112.330"
"N=1000000 jsonb_indexed",2,"S4_ts_range","115.909"
"N=1000000 jsonb_indexed",3,"S4_ts_range","117.666"
"N=1000000 jsonb_indexed",4,"S4_ts_range","107.765"
"N=1000000 jsonb_indexed",5,"S4_ts_range","107.155"
"N=1000000 jsonb_indexed",6,"S4_ts_range","108.179"
"N=1000000 jsonb_indexed",7,"S4_ts_range","117.746"
"N=1000000 jsonb_indexed",1,"S3_trgm_contains","443.869"
"N=1000000 jsonb_indexed",2,"S3_trgm_contains","449.565"
"N=1000000 jsonb_indexed",3,"S3_trgm_contains","441.500"
"N=1000000 jsonb_indexed",4,"S3_trgm_contains","464.843"
"N=1000000 jsonb_indexed",5,"S3_trgm_contains","452.055"
"N=1000000 jsonb_indexed",6,"S3_trgm_contains","447.888"
"N=1000000 jsonb_indexed",7,"S3_trgm_contains","445.366"
"N=1000000 jsonb_indexed",1,"S2_like_prefix","0.068"
"N=1000000 jsonb_indexed",2,"S2_like_prefix","0.067"
"N=1000000 jsonb_indexed",3,"S2_like_prefix","0.064"
"N=1000000 jsonb_indexed",4,"S2_like_prefix","0.065"
"N=1000000 jsonb_indexed",5,"S2_like_prefix","0.064"
"N=1000000 jsonb_indexed",6,"S2_like_prefix","0.065"
"N=1000000 jsonb_indexed",7,"S2_like_prefix","0.067"
"N=1000000 jsonb_indexed",1,"S1_expr_eq_num","76.841"
"N=1000000 jsonb_indexed",2,"S1_expr_eq_num","75.548"
"N=1000000 jsonb_indexed",3,"S1_expr_eq_num","74.992"
"N=1000000 jsonb_indexed",4,"S1_expr_eq_num","75.312"
"N=1000000 jsonb_indexed",5,"S1_expr_eq_num","75.684"
"N=1000000 jsonb_indexed",6,"S1_expr_eq_num","75.494"
"N=1000000 jsonb_indexed",7,"S1_expr_eq_num","76.010"
"N=1000000 jsonb_indexed",7,"S10_topn_order","0.251"
"N=1000000 jsonb_indexed",6,"S10_topn_order","0.054"
"N=1000000 jsonb_indexed",5,"S10_topn_order","0.050"
"N=1000000 jsonb_indexed",4,"S10_topn_order","0.051"
"N=1000000 jsonb_indexed",3,"S10_topn_order","0.085"
"N=1000000 jsonb_indexed",2,"S10_topn_order","0.051"
"N=1000000 jsonb_indexed",1,"S10_topn_order","0.050"
