"label","variant","run_no","execution_ms"
"N=1000 rel_unindexed","S9_or_keys",1,"0.243"
"N=1000 rel_unindexed","S9_or_keys",2,"0.262"
"N=1000 rel_unindexed","S9_or_keys",3,"0.241"
"N=1000 rel_unindexed","S9_or_keys",4,"0.235"
"N=1000 rel_unindexed","S9_or_keys",5,"0.262"
"N=1000 rel_unindexed","S9_or_keys",6,"0.235"
"N=1000 rel_unindexed","S9_or_keys",7,"0.235"
"N=1000 rel_unindexed","S8_and3",1,"0.194"
"N=1000 rel_unindexed","S8_and3",2,"0.195"
"N=1000 rel_unindexed","S8_and3",3,"0.197"
"N=1000 rel_unindexed","S8_and3",4,"0.194"
"N=1000 rel_unindexed","S8_and3",5,"0.194"
"N=1000 rel_unindexed","S8_and3",6,"0.195"
"N=1000 rel_unindexed","S8_and3",7,"0.194"
"N=1000 rel_unindexed","S7_and2",1,"0.192"
"N=1000 rel_unindexed","S7_and2",2,"0.196"
"N=1000 rel_unindexed","S7_and2",3,"0.195"
"N=1000 rel_unindexed","S7_and2",4,"0.193"
"N=1000 rel_unindexed","S7_and2",5,"0.195"
"N=1000 rel_unindexed","S7_and2",6,"0.195"
"N=1000 rel_unindexed","S7_and2",7,"0.194"
"N=1000 rel_unindexed","S6_array_or",1,"0.323"
"N=1000 rel_unindexed","S6_array_or",2,"0.350"
"N=1000 rel_unindexed","S6_array_or",3,"0.327"
"N=1000 rel_unindexed","S6_array_or",4,"0.349"
"N=1000 rel_unindexed","S6_array_or",5,"0.324"
"N=1000 rel_unindexed","S6_array_or",6,"0.322"
"N=1000 rel_unindexed","S6_array_or",7,"0.323"
"N=1000 rel_unindexed","S5_array_and",1,"0.293"
"N=1000 rel_unindexed","S5_array_and",2,"0.294"
"N=1000 rel_unindexed","S5_array_and",3,"0.295"
"N=1000 rel_unindexed","S5_array_and",4,"0.294"
"N=1000 rel_unindexed","S5_array_and",5,"0.386"
"N=1000 rel_unindexed","S5_array_and",6,"0.295"
"N=1000 rel_unindexed","S5_array_and",7,"0.295"
"N=1000 rel_unindexed","S4_ts_range",1,"0.123"
"N=1000 rel_unindexed","S4_ts_range",2,"0.125"
"N=1000 rel_unindexed","S4_ts_range",3,"0.128"
"N=1000 rel_unindexed","S4_ts_range",4,"0.124"
"N=1000 rel_unindexed","S4_ts_range",5,"0.124"
"N=1000 rel_unindexed","S4_ts_range",6,"0.152"
"N=1000 rel_unindexed","S4_ts_range",7,"0.124"
"N=1000 rel_unindexed","S3_trgm_contains",1,"0.602"
"N=1000 rel_unindexed","S3_trgm_contains",2,"0.629"
"N=1000 rel_unindexed","S3_trgm_contains",3,"0.630"
"N=1000 rel_unindexed","S3_trgm_contains",4,"0.671"
"N=1000 rel_unindexed","S3_trgm_contains",5,"0.602"
"N=1000 rel_unindexed","S3_trgm_contains",6,"0.602"
"N=1000 rel_unindexed","S3_trgm_contains",7,"0.635"
"N=1000 rel_unindexed","S2_like_prefix",5,"0.107"
"N=1000 rel_unindexed","S2_like_prefix",1,"0.107"
"N=1000 rel_unindexed","S2_like_prefix",2,"0.107"
"N=1000 rel_unindexed","S2_like_prefix",3,"0.106"
"N=1000 rel_unindexed","S2_like_prefix",4,"0.107"
"N=1000 rel_unindexed","S2_like_prefix",6,"0.107"
"N=1000 rel_unindexed","S2_like_prefix",7,"0.107"
"N=1000 rel_unindexed","S1_expr_eq_num",1,"0.211"
"N=1000 rel_unindexed","S1_expr_eq_num",2,"0.213"
"N=1000 rel_unindexed","S1_expr_eq_num",3,"0.212"
"N=1000 rel_unindexed","S1_expr_eq_num",4,"0.211"
"N=1000 rel_unindexed","S1_expr_eq_num",5,"0.212"
"N=1000 rel_unindexed","S1_expr_eq_num",6,"0.211"
"N=1000 rel_unindexed","S1_expr_eq_num",7,"0.244"
"N=1000 rel_unindexed","S10_topn_order",1,"0.113"
"N=1000 rel_unindexed","S10_topn_order",2,"0.115"
"N=1000 rel_unindexed","S10_topn_order",3,"0.114"
"N=1000 rel_unindexed","S10_topn_order",4,"0.117"
"N=1000 rel_unindexed","S10_topn_order",5,"0.116"
"N=1000 rel_unindexed","S10_topn_order",6,"0.115"
"N=1000 rel_unindexed","S10_topn_order",7,"0.115"
"N=1000 rel_indexed","S9_or_keys",1,"0.259"
"N=1000 rel_indexed","S9_or_keys",2,"0.277"
"N=1000 rel_indexed","S9_or_keys",3,"0.261"
"N=1000 rel_indexed","S9_or_keys",4,"0.227"
"N=1000 rel_indexed","S9_or_keys",5,"0.229"
"N=1000 rel_indexed","S9_or_keys",6,"0.241"
"N=1000 rel_indexed","S9_or_keys",7,"0.226"
"N=1000 rel_indexed","S8_and3",1,"0.007"
"N=1000 rel_indexed","S8_and3",2,"0.007"
"N=1000 rel_indexed","S8_and3",3,"0.010"
"N=1000 rel_indexed","S8_and3",4,"0.007"
"N=1000 rel_indexed","S8_and3",5,"0.007"
"N=1000 rel_indexed","S8_and3",6,"0.007"
"N=1000 rel_indexed","S8_and3",7,"0.007"
"N=1000 rel_indexed","S7_and2",4,"0.032"
"N=1000 rel_indexed","S7_and2",5,"0.034"
"N=1000 rel_indexed","S7_and2",6,"0.032"
"N=1000 rel_indexed","S7_and2",1,"0.037"
"N=1000 rel_indexed","S7_and2",2,"0.032"
"N=1000 rel_indexed","S7_and2",3,"0.035"
"N=1000 rel_indexed","S7_and2",7,"0.033"
"N=1000 rel_indexed","S6_array_or",1,"0.311"
"N=1000 rel_indexed","S6_array_or",2,"0.341"
"N=1000 rel_indexed","S6_array_or",3,"0.316"
"N=1000 rel_indexed","S6_array_or",4,"0.311"
"N=1000 rel_indexed","S6_array_or",5,"0.343"
"N=1000 rel_indexed","S6_array_or",6,"0.312"
"N=1000 rel_indexed","S6_array_or",7,"0.344"
"N=1000 rel_indexed","S5_array_and",1,"0.285"
"N=1000 rel_indexed","S5_array_and",2,"0.286"
"N=1000 rel_indexed","S5_array_and",3,"0.286"
"N=1000 rel_indexed","S5_array_and",4,"0.284"
"N=1000 rel_indexed","S5_array_and",5,"0.357"
"N=1000 rel_indexed","S5_array_and",6,"0.284"
"N=1000 rel_indexed","S5_array_and",7,"0.311"
"N=1000 rel_indexed","S4_ts_range",1,"0.040"
"N=1000 rel_indexed","S4_ts_range",2,"0.042"
"N=1000 rel_indexed","S4_ts_range",3,"0.048"
"N=1000 rel_indexed","S4_ts_range",4,"0.044"
"N=1000 rel_indexed","S4_ts_range",5,"0.042"
"N=1000 rel_indexed","S4_ts_range",6,"0.042"
"N=1000 rel_indexed","S4_ts_range",7,"0.042"
"N=1000 rel_indexed","S3_trgm_contains",1,"0.616"
"N=1000 rel_indexed","S3_trgm_contains",2,"0.590"
"N=1000 rel_indexed","S3_trgm_contains",3,"0.639"
"N=1000 rel_indexed","S3_trgm_contains",4,"0.619"
"N=1000 rel_indexed","S3_trgm_contains",5,"0.621"
"N=1000 rel_indexed","S3_trgm_contains",6,"0.589"
"N=1000 rel_indexed","S3_trgm_contains",7,"0.619"
"N=1000 rel_indexed","S2_like_prefix",1,"0.007"
"N=1000 rel_indexed","S2_like_prefix",2,"0.007"
"N=1000 rel_indexed","S2_like_prefix",3,"0.007"
"N=1000 rel_indexed","S2_like_prefix",4,"0.007"
"N=1000 rel_indexed","S2_like_prefix",5,"0.007"
"N=1000 rel_indexed","S2_like_prefix",6,"0.007"
"N=1000 rel_indexed","S2_like_prefix",7,"0.007"
"N=1000 rel_indexed","S1_expr_eq_num",2,"0.033"
"N=1000 rel_indexed","S1_expr_eq_num",1,"0.035"
"N=1000 rel_indexed","S1_expr_eq_num",3,"0.036"
"N=1000 rel_indexed","S1_expr_eq_num",4,"0.035"
"N=1000 rel_indexed","S1_expr_eq_num",5,"0.033"
"N=1000 rel_indexed","S1_expr_eq_num",6,"0.032"
"N=1000 rel_indexed","S1_expr_eq_num",7,"0.032"
"N=1000 rel_indexed","S10_topn_order",1,"0.041"
"N=1000 rel_indexed","S10_topn_order",2,"0.042"
"N=1000 rel_indexed","S10_topn_order",3,"0.042"
"N=1000 rel_indexed","S10_topn_order",4,"0.044"
"N=1000 rel_indexed","S10_topn_order",5,"0.043"
"N=1000 rel_indexed","S10_topn_order",6,"0.044"
"N=1000 rel_indexed","S10_topn_order",7,"0.044"
"N=1000 jsonb_unindexed","S9_or_keys",1,"0.566"
"N=1000 jsonb_unindexed","S9_or_keys",2,"0.668"
"N=1000 jsonb_unindexed","S9_or_keys",3,"2.098"
"N=1000 jsonb_unindexed","S9_or_keys",4,"0.680"
"N=1000 jsonb_unindexed","S9_or_keys",5,"0.739"
"N=1000 jsonb_unindexed","S9_or_keys",6,"0.603"
"N=1000 jsonb_unindexed","S9_or_keys",7,"0.615"
"N=1000 jsonb_unindexed","S8_and3",1,"0.331"
"N=1000 jsonb_unindexed","S8_and3",2,"0.306"
"N=1000 jsonb_unindexed","S8_and3",3,"0.338"
"N=1000 jsonb_unindexed","S8_and3",4,"0.306"
"N=1000 jsonb_unindexed","S8_and3",5,"0.306"
"N=1000 jsonb_unindexed","S8_and3",6,"0.316"
"N=1000 jsonb_unindexed","S8_and3",7,"0.307"
"N=1000 jsonb_unindexed","S7_and2",1,"0.306"
"N=1000 jsonb_unindexed","S7_and2",2,"0.336"
"N=1000 jsonb_unindexed","S7_and2",3,"0.308"
"N=1000 jsonb_unindexed","S7_and2",4,"0.343"
"N=1000 jsonb_unindexed","S7_and2",5,"0.308"
"N=1000 jsonb_unindexed","S7_and2",6,"0.337"
"N=1000 jsonb_unindexed","S7_and2",7,"0.308"
"N=1000 jsonb_unindexed","S6_array_or",1,"0.703"
"N=1000 jsonb_unindexed","S6_array_or",2,"0.577"
"N=1000 jsonb_unindexed","S6_array_or",3,"0.574"
"N=1000 jsonb_unindexed","S6_array_or",4,"0.546"
"N=1000 jsonb_unindexed","S6_array_or",5,"0.575"
"N=1000 jsonb_unindexed","S6_array_or",6,"0.573"
"N=1000 jsonb_unindexed","S6_array_or",7,"0.596"
"N=1000 jsonb_unindexed","S5_array_and",1,"0.368"
"N=1000 jsonb_unindexed","S5_array_and",2,"0.372"
"N=1000 jsonb_unindexed","S5_array_and",3,"0.369"
"N=1000 jsonb_unindexed","S5_array_and",4,"0.371"
"N=1000 jsonb_unindexed","S5_array_and",5,"0.399"
"N=1000 jsonb_unindexed","S5_array_and",6,"0.371"
"N=1000 jsonb_unindexed","S5_array_and",7,"0.398"
"N=1000 jsonb_unindexed","S4_ts_range",1,"0.776"
"N=1000 jsonb_unindexed","S4_ts_range",2,"0.698"
"N=1000 jsonb_unindexed","S4_ts_range",3,"0.701"
"N=1000 jsonb_unindexed","S4_ts_range",4,"0.669"
"N=1000 jsonb_unindexed","S4_ts_range",5,"0.675"
"N=1000 jsonb_unindexed","S4_ts_range",6,"0.697"
"N=1000 jsonb_unindexed","S4_ts_range",7,"0.697"
"N=1000 jsonb_unindexed","S3_trgm_contains",1,"0.752"
"N=1000 jsonb_unindexed","S3_trgm_contains",2,"0.757"
"N=1000 jsonb_unindexed","S3_trgm_contains",3,"0.778"
"N=1000 jsonb_unindexed","S3_trgm_contains",4,"0.742"
"N=1000 jsonb_unindexed","S3_trgm_contains",5,"0.755"
"N=1000 jsonb_unindexed","S3_trgm_contains",6,"0.772"
"N=1000 jsonb_unindexed","S3_trgm_contains",7,"0.841"
"N=1000 jsonb_unindexed","S2_like_prefix",1,"0.207"
"N=1000 jsonb_unindexed","S2_like_prefix",2,"0.240"
"N=1000 jsonb_unindexed","S2_like_prefix",3,"0.210"
"N=1000 jsonb_unindexed","S2_like_prefix",4,"0.210"
"N=1000 jsonb_unindexed","S2_like_prefix",5,"0.212"
"N=1000 jsonb_unindexed","S2_like_prefix",6,"0.210"
"N=1000 jsonb_unindexed","S2_like_prefix",7,"0.211"
"N=1000 jsonb_unindexed","S1_expr_eq_num",1,"0.262"
"N=1000 jsonb_unindexed","S1_expr_eq_num",2,"0.292"
"N=1000 jsonb_unindexed","S1_expr_eq_num",3,"0.263"
"N=1000 jsonb_unindexed","S1_expr_eq_num",4,"0.262"
"N=1000 jsonb_unindexed","S1_expr_eq_num",5,"0.367"
"N=1000 jsonb_unindexed","S1_expr_eq_num",6,"0.262"
"N=1000 jsonb_unindexed","S1_expr_eq_num",7,"0.263"
"N=1000 jsonb_unindexed","S10_topn_order",5,"0.329"
"N=1000 jsonb_unindexed","S10_topn_order",1,"0.298"
"N=1000 jsonb_unindexed","S10_topn_order",2,"0.318"
"N=1000 jsonb_unindexed","S10_topn_order",3,"0.328"
"N=1000 jsonb_unindexed","S10_topn_order",4,"0.301"
"N=1000 jsonb_unindexed","S10_topn_order",6,"0.310"
"N=1000 jsonb_unindexed","S10_topn_order",7,"0.313"
"N=1000 jsonb_indexed","S9_or_keys",1,"0.503"
"N=1000 jsonb_indexed","S9_or_keys",2,"0.533"
"N=1000 jsonb_indexed","S9_or_keys",3,"0.837"
"N=1000 jsonb_indexed","S9_or_keys",4,"1.707"
"N=1000 jsonb_indexed","S9_or_keys",5,"1.033"
"N=1000 jsonb_indexed","S9_or_keys",6,"1.612"
"N=1000 jsonb_indexed","S9_or_keys",7,"0.736"
"N=1000 jsonb_indexed","S8_and3",1,"0.329"
"N=1000 jsonb_indexed","S8_and3",2,"0.294"
"N=1000 jsonb_indexed","S8_and3",3,"0.321"
"N=1000 jsonb_indexed","S8_and3",4,"0.295"
"N=1000 jsonb_indexed","S8_and3",5,"0.321"
"N=1000 jsonb_indexed","S8_and3",6,"0.293"
"N=1000 jsonb_indexed","S8_and3",7,"0.292"
"N=1000 jsonb_indexed","S7_and2",1,"0.295"
"N=1000 jsonb_indexed","S7_and2",2,"0.325"
"N=1000 jsonb_indexed","S7_and2",3,"0.299"
"N=1000 jsonb_indexed","S7_and2",4,"0.326"
"N=1000 jsonb_indexed","S7_and2",5,"0.297"
"N=1000 jsonb_indexed","S7_and2",6,"0.325"
"N=1000 jsonb_indexed","S7_and2",7,"0.297"
"N=1000 jsonb_indexed","S6_array_or",1,"0.571"
"N=1000 jsonb_indexed","S6_array_or",2,"0.601"
"N=1000 jsonb_indexed","S6_array_or",3,"0.610"
"N=1000 jsonb_indexed","S6_array_or",4,"0.605"
"N=1000 jsonb_indexed","S6_array_or",5,"0.575"
"N=1000 jsonb_indexed","S6_array_or",6,"0.576"
"N=1000 jsonb_indexed","S6_array_or",7,"0.604"
"N=1000 jsonb_indexed","S5_array_and",3,"0.220"
"N=1000 jsonb_indexed","S5_array_and",4,"0.215"
"N=1000 jsonb_indexed","S5_array_and",1,"0.213"
"N=1000 jsonb_indexed","S5_array_and",2,"0.216"
"N=1000 jsonb_indexed","S5_array_and",5,"0.215"
"N=1000 jsonb_indexed","S5_array_and",6,"0.216"
"N=1000 jsonb_indexed","S5_array_and",7,"0.217"
"N=1000 jsonb_indexed","S4_ts_range",1,"0.068"
"N=1000 jsonb_indexed","S4_ts_range",2,"0.096"
"N=1000 jsonb_indexed","S4_ts_range",3,"0.067"
"N=1000 jsonb_indexed","S4_ts_range",4,"0.067"
"N=1000 jsonb_indexed","S4_ts_range",5,"0.066"
"N=1000 jsonb_indexed","S4_ts_range",6,"0.070"
"N=1000 jsonb_indexed","S4_ts_range",7,"0.068"
"N=1000 jsonb_indexed","S3_trgm_contains",6,"0.436"
"N=1000 jsonb_indexed","S3_trgm_contains",7,"0.442"
"N=1000 jsonb_indexed","S3_trgm_contains",5,"0.469"
"N=1000 jsonb_indexed","S3_trgm_contains",1,"0.446"
"N=1000 jsonb_indexed","S3_trgm_contains",2,"0.467"
"N=1000 jsonb_indexed","S3_trgm_contains",3,"0.441"
"N=1000 jsonb_indexed","S3_trgm_contains",4,"0.441"
"N=1000 jsonb_indexed","S2_like_prefix",1,"0.007"
"N=1000 jsonb_indexed","S2_like_prefix",2,"0.007"
"N=1000 jsonb_indexed","S2_like_prefix",3,"0.008"
"N=1000 jsonb_indexed","S2_like_prefix",4,"0.007"
"N=1000 jsonb_indexed","S2_like_prefix",5,"0.008"
"N=1000 jsonb_indexed","S2_like_prefix",6,"0.007"
"N=1000 jsonb_indexed","S2_like_prefix",7,"0.007"
"N=1000 jsonb_indexed","S1_expr_eq_num",1,"0.041"
"N=1000 jsonb_indexed","S1_expr_eq_num",2,"0.045"
"N=1000 jsonb_indexed","S1_expr_eq_num",3,"0.042"
"N=1000 jsonb_indexed","S1_expr_eq_num",4,"0.181"
"N=1000 jsonb_indexed","S1_expr_eq_num",5,"0.041"
"N=1000 jsonb_indexed","S1_expr_eq_num",6,"0.041"
"N=1000 jsonb_indexed","S1_expr_eq_num",7,"0.043"
"N=1000 jsonb_indexed","S10_topn_order",5,"0.077"
"N=1000 jsonb_indexed","S10_topn_order",1,"0.075"
"N=1000 jsonb_indexed","S10_topn_order",2,"0.078"
"N=1000 jsonb_indexed","S10_topn_order",3,"0.076"
"N=1000 jsonb_indexed","S10_topn_order",4,"0.102"
"N=1000 jsonb_indexed","S10_topn_order",6,"0.077"
"N=1000 jsonb_indexed","S10_topn_order",7,"0.078"
"N=10000 rel_unindexed","S9_or_keys",1,"2.379"
"N=10000 rel_unindexed","S9_or_keys",2,"2.415"
"N=10000 rel_unindexed","S9_or_keys",3,"2.381"
"N=10000 rel_unindexed","S9_or_keys",4,"2.359"
"N=10000 rel_unindexed","S9_or_keys",5,"2.364"
"N=10000 rel_unindexed","S9_or_keys",6,"2.377"
"N=10000 rel_unindexed","S9_or_keys",7,"2.360"
"N=10000 rel_unindexed","S8_and3",1,"2.427"
"N=10000 rel_unindexed","S8_and3",2,"2.353"
"N=10000 rel_unindexed","S8_and3",3,"2.351"
"N=10000 rel_unindexed","S8_and3",4,"2.381"
"N=10000 rel_unindexed","S8_and3",5,"2.362"
"N=10000 rel_unindexed","S8_and3",6,"2.354"
"N=10000 rel_unindexed","S8_and3",7,"2.336"
"N=10000 rel_unindexed","S7_and2",1,"1.929"
"N=10000 rel_unindexed","S7_and2",2,"2.045"
"N=10000 rel_unindexed","S7_and2",3,"1.895"
"N=10000 rel_unindexed","S7_and2",4,"1.893"
"N=10000 rel_unindexed","S7_and2",5,"1.912"
"N=10000 rel_unindexed","S7_and2",6,"2.288"
"N=10000 rel_unindexed","S7_and2",7,"2.225"
"N=10000 rel_unindexed","S6_array_or",1,"3.214"
"N=10000 rel_unindexed","S6_array_or",2,"3.198"
"N=10000 rel_unindexed","S6_array_or",3,"3.344"
"N=10000 rel_unindexed","S6_array_or",4,"3.369"
"N=10000 rel_unindexed","S6_array_or",5,"6.357"
"N=10000 rel_unindexed","S6_array_or",6,"4.210"
"N=10000 rel_unindexed","S6_array_or",7,"3.643"
"N=10000 rel_unindexed","S5_array_and",1,"3.022"
"N=10000 rel_unindexed","S5_array_and",2,"2.963"
"N=10000 rel_unindexed","S5_array_and",3,"2.939"
"N=10000 rel_unindexed","S5_array_and",4,"2.915"
"N=10000 rel_unindexed","S5_array_and",5,"2.968"
"N=10000 rel_unindexed","S5_array_and",6,"2.898"
"N=10000 rel_unindexed","S5_array_and",7,"2.892"
"N=10000 rel_unindexed","S4_ts_range",1,"1.247"
"N=10000 rel_unindexed","S4_ts_range",2,"1.318"
"N=10000 rel_unindexed","S4_ts_range",3,"1.247"
"N=10000 rel_unindexed","S4_ts_range",4,"1.287"
"N=10000 rel_unindexed","S4_ts_range",5,"1.209"
"N=10000 rel_unindexed","S4_ts_range",6,"1.207"
"N=10000 rel_unindexed","S4_ts_range",7,"1.208"
"N=10000 rel_unindexed","S3_trgm_contains",1,"6.135"
"N=10000 rel_unindexed","S3_trgm_contains",2,"6.200"
"N=10000 rel_unindexed","S3_trgm_contains",3,"6.312"
"N=10000 rel_unindexed","S3_trgm_contains",4,"6.150"
"N=10000 rel_unindexed","S3_trgm_contains",5,"6.313"
"N=10000 rel_unindexed","S3_trgm_contains",6,"6.486"
"N=10000 rel_unindexed","S3_trgm_contains",7,"6.332"
"N=10000 rel_unindexed","S2_like_prefix",1,"1.311"
"N=10000 rel_unindexed","S2_like_prefix",2,"1.395"
"N=10000 rel_unindexed","S2_like_prefix",3,"1.306"
"N=10000 rel_unindexed","S2_like_prefix",4,"1.321"
"N=10000 rel_unindexed","S2_like_prefix",5,"1.290"
"N=10000 rel_unindexed","S2_like_prefix",6,"1.318"
"N=10000 rel_unindexed","S2_like_prefix",7,"1.293"
"N=10000 rel_unindexed","S1_expr_eq_num",1,"2.640"
"N=10000 rel_unindexed","S1_expr_eq_num",2,"2.618"
"N=10000 rel_unindexed","S1_expr_eq_num",3,"2.432"
"N=10000 rel_unindexed","S1_expr_eq_num",4,"2.339"
"N=10000 rel_unindexed","S1_expr_eq_num",5,"2.156"
"N=10000 rel_unindexed","S1_expr_eq_num",6,"2.165"
"N=10000 rel_unindexed","S1_expr_eq_num",7,"2.189"
"N=10000 rel_unindexed","S10_topn_order",1,"1.306"
"N=10000 rel_unindexed","S10_topn_order",2,"1.274"
"N=10000 rel_unindexed","S10_topn_order",3,"1.278"
"N=10000 rel_unindexed","S10_topn_order",4,"1.252"
"N=10000 rel_unindexed","S10_topn_order",5,"1.264"
"N=10000 rel_unindexed","S10_topn_order",6,"1.223"
"N=10000 rel_unindexed","S10_topn_order",7,"1.165"
"N=10000 rel_indexed","S9_or_keys",3,"1.130"
"N=10000 rel_indexed","S9_or_keys",4,"1.125"
"N=10000 rel_indexed","S9_or_keys",5,"1.093"
"N=10000 rel_indexed","S9_or_keys",1,"1.165"
"N=10000 rel_indexed","S9_or_keys",2,"1.125"
"N=10000 rel_indexed","S9_or_keys",6,"1.093"
"N=10000 rel_indexed","S9_or_keys",7,"1.104"
"N=10000 rel_indexed","S8_and3",1,"0.009"
"N=10000 rel_indexed","S8_and3",2,"0.009"
"N=10000 rel_indexed","S8_and3",3,"0.009"
"N=10000 rel_indexed","S8_and3",4,"0.010"
"N=10000 rel_indexed","S8_and3",5,"0.009"
"N=10000 rel_indexed","S8_and3",6,"0.009"
"N=10000 rel_indexed","S8_and3",7,"0.009"
"N=10000 rel_indexed","S7_and2",4,"0.238"
"N=10000 rel_indexed","S7_and2",5,"0.239"
"N=10000 rel_indexed","S7_and2",6,"0.240"
"N=10000 rel_indexed","S7_and2",1,"0.253"
"N=10000 rel_indexed","S7_and2",2,"0.267"
"N=10000 rel_indexed","S7_and2",3,"0.240"
"N=10000 rel_indexed","S7_and2",7,"0.239"
"N=10000 rel_indexed","S6_array_or",1,"3.629"
"N=10000 rel_indexed","S6_array_or",2,"3.291"
"N=10000 rel_indexed","S6_array_or",3,"3.126"
"N=10000 rel_indexed","S6_array_or",4,"3.080"
"N=10000 rel_indexed","S6_array_or",5,"3.173"
"N=10000 rel_indexed","S6_array_or",6,"3.094"
"N=10000 rel_indexed","S6_array_or",7,"3.072"
"N=10000 rel_indexed","S5_array_and",6,"3.305"
"N=10000 rel_indexed","S5_array_and",5,"3.307"
"N=10000 rel_indexed","S5_array_and",1,"3.340"
"N=10000 rel_indexed","S5_array_and",2,"3.309"
"N=10000 rel_indexed","S5_array_and",3,"3.350"
"N=10000 rel_indexed","S5_array_and",4,"3.301"
"N=10000 rel_indexed","S5_array_and",7,"3.429"
"N=10000 rel_indexed","S4_ts_range",4,"0.360"
"N=10000 rel_indexed","S4_ts_range",1,"0.332"
"N=10000 rel_indexed","S4_ts_range",2,"0.359"
"N=10000 rel_indexed","S4_ts_range",3,"0.333"
"N=10000 rel_indexed","S4_ts_range",5,"0.331"
"N=10000 rel_indexed","S4_ts_range",6,"0.335"
"N=10000 rel_indexed","S4_ts_range",7,"0.330"
"N=10000 rel_indexed","S3_trgm_contains",1,"6.056"
"N=10000 rel_indexed","S3_trgm_contains",2,"6.015"
"N=10000 rel_indexed","S3_trgm_contains",3,"6.142"
"N=10000 rel_indexed","S3_trgm_contains",4,"6.962"
"N=10000 rel_indexed","S3_trgm_contains",5,"6.154"
"N=10000 rel_indexed","S3_trgm_contains",6,"6.055"
"N=10000 rel_indexed","S3_trgm_contains",7,"5.999"
"N=10000 rel_indexed","S2_like_prefix",1,"0.042"
"N=10000 rel_indexed","S2_like_prefix",2,"0.044"
"N=10000 rel_indexed","S2_like_prefix",3,"0.044"
"N=10000 rel_indexed","S2_like_prefix",4,"0.042"
"N=10000 rel_indexed","S2_like_prefix",5,"0.042"
"N=10000 rel_indexed","S2_like_prefix",6,"0.043"
"N=10000 rel_indexed","S2_like_prefix",7,"0.042"
"N=10000 rel_indexed","S1_expr_eq_num",5,"0.311"
"N=10000 rel_indexed","S1_expr_eq_num",6,"0.311"
"N=10000 rel_indexed","S1_expr_eq_num",1,"0.310"
"N=10000 rel_indexed","S1_expr_eq_num",2,"0.347"
"N=10000 rel_indexed","S1_expr_eq_num",3,"0.313"
"N=10000 rel_indexed","S1_expr_eq_num",4,"0.315"
"N=10000 rel_indexed","S1_expr_eq_num",7,"0.346"
"N=10000 rel_indexed","S10_topn_order",2,"0.048"
"N=10000 rel_indexed","S10_topn_order",3,"0.051"
"N=10000 rel_indexed","S10_topn_order",1,"0.047"
"N=10000 rel_indexed","S10_topn_order",4,"0.048"
"N=10000 rel_indexed","S10_topn_order",5,"0.050"
"N=10000 rel_indexed","S10_topn_order",6,"0.056"
"N=10000 rel_indexed","S10_topn_order",7,"0.049"
"N=10000 jsonb_unindexed","S9_or_keys",1,"6.194"
"N=10000 jsonb_unindexed","S9_or_keys",2,"6.437"
"N=10000 jsonb_unindexed","S9_or_keys",3,"6.487"
"N=10000 jsonb_unindexed","S9_or_keys",4,"6.957"
"N=10000 jsonb_unindexed","S9_or_keys",5,"7.489"
"N=10000 jsonb_unindexed","S9_or_keys",6,"7.667"
"N=10000 jsonb_unindexed","S9_or_keys",7,"7.869"
"N=10000 jsonb_unindexed","S8_and3",1,"4.311"
"N=10000 jsonb_unindexed","S8_and3",2,"4.222"
"N=10000 jsonb_unindexed","S8_and3",3,"4.082"
"N=10000 jsonb_unindexed","S8_and3",4,"4.573"
"N=10000 jsonb_unindexed","S8_and3",5,"4.520"
"N=10000 jsonb_unindexed","S8_and3",6,"4.334"
"N=10000 jsonb_unindexed","S8_and3",7,"4.066"
"N=10000 jsonb_unindexed","S7_and2",1,"4.038"
"N=10000 jsonb_unindexed","S7_and2",2,"3.989"
"N=10000 jsonb_unindexed","S7_and2",3,"4.019"
"N=10000 jsonb_unindexed","S7_and2",4,"4.013"
"N=10000 jsonb_unindexed","S7_and2",5,"4.010"
"N=10000 jsonb_unindexed","S7_and2",6,"3.957"
"N=10000 jsonb_unindexed","S7_and2",7,"3.679"
"N=10000 jsonb_unindexed","S6_array_or",1,"6.422"
"N=10000 jsonb_unindexed","S6_array_or",2,"6.468"
"N=10000 jsonb_unindexed","S6_array_or",3,"6.116"
"N=10000 jsonb_unindexed","S6_array_or",4,"6.301"
"N=10000 jsonb_unindexed","S6_array_or",5,"6.892"
"N=10000 jsonb_unindexed","S6_array_or",6,"7.122"
"N=10000 jsonb_unindexed","S6_array_or",7,"6.961"
"N=10000 jsonb_unindexed","S5_array_and",1,"4.329"
"N=10000 jsonb_unindexed","S5_array_and",2,"4.579"
"N=10000 jsonb_unindexed","S5_array_and",3,"4.679"
"N=10000 jsonb_unindexed","S5_array_and",4,"4.436"
"N=10000 jsonb_unindexed","S5_array_and",5,"4.138"
"N=10000 jsonb_unindexed","S5_array_and",6,"4.135"
"N=10000 jsonb_unindexed","S5_array_and",7,"4.049"
"N=10000 jsonb_unindexed","S4_ts_range",1,"8.484"
"N=10000 jsonb_unindexed","S4_ts_range",2,"8.219"
"N=10000 jsonb_unindexed","S4_ts_range",3,"9.118"
"N=10000 jsonb_unindexed","S4_ts_range",4,"8.739"
"N=10000 jsonb_unindexed","S4_ts_range",5,"8.603"
"N=10000 jsonb_unindexed","S4_ts_range",6,"8.097"
"N=10000 jsonb_unindexed","S4_ts_range",7,"8.176"
"N=10000 jsonb_unindexed","S3_trgm_contains",1,"8.416"
"N=10000 jsonb_unindexed","S3_trgm_contains",2,"8.618"
"N=10000 jsonb_unindexed","S3_trgm_contains",3,"8.659"
"N=10000 jsonb_unindexed","S3_trgm_contains",4,"9.381"
"N=10000 jsonb_unindexed","S3_trgm_contains",5,"8.154"
"N=10000 jsonb_unindexed","S3_trgm_contains",6,"8.155"
"N=10000 jsonb_unindexed","S3_trgm_contains",7,"8.902"
"N=10000 jsonb_unindexed","S2_like_prefix",1,"2.774"
"N=10000 jsonb_unindexed","S2_like_prefix",2,"2.751"
"N=10000 jsonb_unindexed","S2_like_prefix",3,"2.937"
"N=10000 jsonb_unindexed","S2_like_prefix",4,"2.967"
"N=10000 jsonb_unindexed","S2_like_prefix",5,"2.911"
"N=10000 jsonb_unindexed","S2_like_prefix",6,"2.851"
"N=10000 jsonb_unindexed","S2_like_prefix",7,"2.818"
"N=10000 jsonb_unindexed","S1_expr_eq_num",1,"3.135"
"N=10000 jsonb_unindexed","S1_expr_eq_num",2,"3.143"
"N=10000 jsonb_unindexed","S1_expr_eq_num",3,"3.399"
"N=10000 jsonb_unindexed","S1_expr_eq_num",4,"3.573"
"N=10000 jsonb_unindexed","S1_expr_eq_num",5,"3.726"
"N=10000 jsonb_unindexed","S1_expr_eq_num",6,"3.852"
"N=10000 jsonb_unindexed","S1_expr_eq_num",7,"3.823"
"N=10000 jsonb_unindexed","S10_topn_order",1,"3.631"
"N=10000 jsonb_unindexed","S10_topn_order",2,"3.699"
"N=10000 jsonb_unindexed","S10_topn_order",3,"3.795"
"N=10000 jsonb_unindexed","S10_topn_order",4,"3.837"
"N=10000 jsonb_unindexed","S10_topn_order",5,"3.835"
"N=10000 jsonb_unindexed","S10_topn_order",6,"3.870"
"N=10000 jsonb_unindexed","S10_topn_order",7,"3.819"
"N=10000 jsonb_indexed","S9_or_keys",1,"7.655"
"N=10000 jsonb_indexed","S9_or_keys",2,"6.961"
"N=10000 jsonb_indexed","S9_or_keys",3,"6.827"
"N=10000 jsonb_indexed","S9_or_keys",4,"6.763"
"N=10000 jsonb_indexed","S9_or_keys",5,"6.628"
"N=10000 jsonb_indexed","S9_or_keys",6,"6.592"
"N=10000 jsonb_indexed","S9_or_keys",7,"6.044"
"N=10000 jsonb_indexed","S8_and3",1,"4.053"
"N=10000 jsonb_indexed","S8_and3",2,"4.005"
"N=10000 jsonb_indexed","S8_and3",3,"4.030"
"N=10000 jsonb_indexed","S8_and3",4,"3.973"
"N=10000 jsonb_indexed","S8_and3",5,"4.027"
"N=10000 jsonb_indexed","S8_and3",6,"3.904"
"N=10000 jsonb_indexed","S8_and3",7,"3.887"
"N=10000 jsonb_indexed","S7_and2",1,"3.754"
"N=10000 jsonb_indexed","S7_and2",2,"3.813"
"N=10000 jsonb_indexed","S7_and2",3,"3.886"
"N=10000 jsonb_indexed","S7_and2",4,"3.915"
"N=10000 jsonb_indexed","S7_and2",5,"3.949"
"N=10000 jsonb_indexed","S7_and2",6,"3.841"
"N=10000 jsonb_indexed","S7_and2",7,"3.855"
"N=10000 jsonb_indexed","S6_array_or",1,"6.497"
"N=10000 jsonb_indexed","S6_array_or",2,"6.712"
"N=10000 jsonb_indexed","S6_array_or",3,"6.148"
"N=10000 jsonb_indexed","S6_array_or",4,"6.350"
"N=10000 jsonb_indexed","S6_array_or",5,"6.223"
"N=10000 jsonb_indexed","S6_array_or",6,"6.275"
"N=10000 jsonb_indexed","S6_array_or",7,"6.227"
"N=10000 jsonb_indexed","S5_array_and",6,"2.089"
"N=10000 jsonb_indexed","S5_array_and",7,"2.214"
"N=10000 jsonb_indexed","S5_array_and",1,"2.093"
"N=10000 jsonb_indexed","S5_array_and",2,"2.136"
"N=10000 jsonb_indexed","S5_array_and",3,"2.097"
"N=10000 jsonb_indexed","S5_array_and",4,"2.087"
"N=10000 jsonb_indexed","S5_array_and",5,"2.089"
"N=10000 jsonb_indexed","S4_ts_range",1,"0.467"
"N=10000 jsonb_indexed","S4_ts_range",2,"0.471"
"N=10000 jsonb_indexed","S4_ts_range",3,"0.488"
"N=10000 jsonb_indexed","S4_ts_range",4,"0.504"
"N=10000 jsonb_indexed","S4_ts_range",5,"0.511"
"N=10000 jsonb_indexed","S4_ts_range",6,"0.473"
"N=10000 jsonb_indexed","S4_ts_range",7,"0.472"
"N=10000 jsonb_indexed","S3_trgm_contains",1,"4.583"
"N=10000 jsonb_indexed","S3_trgm_contains",2,"4.811"
"N=10000 jsonb_indexed","S3_trgm_contains",3,"5.061"
"N=10000 jsonb_indexed","S3_trgm_contains",4,"4.764"
"N=10000 jsonb_indexed","S3_trgm_contains",5,"4.522"
"N=10000 jsonb_indexed","S3_trgm_contains",6,"4.745"
"N=10000 jsonb_indexed","S3_trgm_contains",7,"8.088"
"N=10000 jsonb_indexed","S2_like_prefix",1,"0.050"
"N=10000 jsonb_indexed","S2_like_prefix",2,"0.058"
"N=10000 jsonb_indexed","S2_like_prefix",3,"0.051"
"N=10000 jsonb_indexed","S2_like_prefix",4,"0.051"
"N=10000 jsonb_indexed","S2_like_prefix",5,"0.052"
"N=10000 jsonb_indexed","S2_like_prefix",6,"0.051"
"N=10000 jsonb_indexed","S2_like_prefix",7,"0.051"
"N=10000 jsonb_indexed","S1_expr_eq_num",1,"0.341"
"N=10000 jsonb_indexed","S1_expr_eq_num",2,"0.344"
"N=10000 jsonb_indexed","S1_expr_eq_num",3,"0.397"
"N=10000 jsonb_indexed","S1_expr_eq_num",4,"0.345"
"N=10000 jsonb_indexed","S1_expr_eq_num",5,"0.343"
"N=10000 jsonb_indexed","S1_expr_eq_num",6,"0.371"
"N=10000 jsonb_indexed","S1_expr_eq_num",7,"0.342"
"N=10000 jsonb_indexed","S10_topn_order",1,"0.086"
"N=10000 jsonb_indexed","S10_topn_order",2,"0.039"
"N=10000 jsonb_indexed","S10_topn_order",3,"0.040"
"N=10000 jsonb_indexed","S10_topn_order",4,"0.040"
"N=10000 jsonb_indexed","S10_topn_order",5,"0.038"
"N=10000 jsonb_indexed","S10_topn_order",6,"0.038"
"N=10000 jsonb_indexed","S10_topn_order",7,"0.038"
"N=100000 rel_unindexed","S9_or_keys",1,"30.435"
"N=100000 rel_unindexed","S9_or_keys",2,"32.368"
"N=100000 rel_unindexed","S9_or_keys",3,"32.165"
"N=100000 rel_unindexed","S9_or_keys",4,"31.540"
"N=100000 rel_unindexed","S9_or_keys",5,"31.230"
"N=100000 rel_unindexed","S9_or_keys",6,"31.386"
"N=100000 rel_unindexed","S9_or_keys",7,"31.127"
"N=100000 rel_unindexed","S8_and3",1,"27.225"
"N=100000 rel_unindexed","S8_and3",2,"26.848"
"N=100000 rel_unindexed","S8_and3",3,"26.422"
"N=100000 rel_unindexed","S8_and3",4,"26.289"
"N=100000 rel_unindexed","S8_and3",5,"26.276"
"N=100000 rel_unindexed","S8_and3",6,"26.365"
"N=100000 rel_unindexed","S8_and3",7,"26.414"
"N=100000 rel_unindexed","S7_and2",1,"26.271"
"N=100000 rel_unindexed","S7_and2",2,"26.109"
"N=100000 rel_unindexed","S7_and2",3,"26.140"
"N=100000 rel_unindexed","S7_and2",4,"26.054"
"N=100000 rel_unindexed","S7_and2",5,"26.108"
"N=100000 rel_unindexed","S7_and2",6,"26.067"
"N=100000 rel_unindexed","S7_and2",7,"26.142"
"N=100000 rel_unindexed","S6_array_or",1,"39.778"
"N=100000 rel_unindexed","S6_array_or",2,"39.970"
"N=100000 rel_unindexed","S6_array_or",3,"39.747"
"N=100000 rel_unindexed","S6_array_or",4,"45.946"
"N=100000 rel_unindexed","S6_array_or",5,"42.854"
"N=100000 rel_unindexed","S6_array_or",6,"42.533"
"N=100000 rel_unindexed","S6_array_or",7,"39.954"
"N=100000 rel_unindexed","S5_array_and",1,"38.472"
"N=100000 rel_unindexed","S5_array_and",2,"37.004"
"N=100000 rel_unindexed","S5_array_and",3,"37.614"
"N=100000 rel_unindexed","S5_array_and",4,"37.490"
"N=100000 rel_unindexed","S5_array_and",5,"37.466"
"N=100000 rel_unindexed","S5_array_and",6,"37.569"
"N=100000 rel_unindexed","S5_array_and",7,"37.416"
"N=100000 rel_unindexed","S4_ts_range",1,"18.075"
"N=100000 rel_unindexed","S4_ts_range",2,"19.637"
"N=100000 rel_unindexed","S4_ts_range",3,"18.601"
"N=100000 rel_unindexed","S4_ts_range",4,"18.498"
"N=100000 rel_unindexed","S4_ts_range",5,"18.095"
"N=100000 rel_unindexed","S4_ts_range",6,"17.834"
"N=100000 rel_unindexed","S4_ts_range",7,"17.727"
"N=100000 rel_unindexed","S3_trgm_contains",1,"61.954"
"N=100000 rel_unindexed","S3_trgm_contains",2,"62.234"
"N=100000 rel_unindexed","S3_trgm_contains",3,"65.977"
"N=100000 rel_unindexed","S3_trgm_contains",4,"63.706"
"N=100000 rel_unindexed","S3_trgm_contains",5,"72.297"
"N=100000 rel_unindexed","S3_trgm_contains",6,"70.162"
"N=100000 rel_unindexed","S3_trgm_contains",7,"66.078"
"N=100000 rel_unindexed","S2_like_prefix",1,"16.751"
"N=100000 rel_unindexed","S2_like_prefix",2,"16.049"
"N=100000 rel_unindexed","S2_like_prefix",3,"16.011"
"N=100000 rel_unindexed","S2_like_prefix",4,"15.944"
"N=100000 rel_unindexed","S2_like_prefix",5,"15.831"
"N=100000 rel_unindexed","S2_like_prefix",6,"15.815"
"N=100000 rel_unindexed","S2_like_prefix",7,"15.781"
"N=100000 rel_unindexed","S1_expr_eq_num",1,"30.155"
"N=100000 rel_unindexed","S1_expr_eq_num",2,"30.176"
"N=100000 rel_unindexed","S1_expr_eq_num",3,"30.033"
"N=100000 rel_unindexed","S1_expr_eq_num",4,"29.840"
"N=100000 rel_unindexed","S1_expr_eq_num",5,"29.609"
"N=100000 rel_unindexed","S1_expr_eq_num",6,"29.174"
"N=100000 rel_unindexed","S1_expr_eq_num",7,"29.113"
"N=100000 rel_unindexed","S10_topn_order",1,"19.148"
"N=100000 rel_unindexed","S10_topn_order",2,"18.502"
"N=100000 rel_unindexed","S10_topn_order",3,"18.705"
"N=100000 rel_unindexed","S10_topn_order",4,"18.352"
"N=100000 rel_unindexed","S10_topn_order",5,"18.050"
"N=100000 rel_unindexed","S10_topn_order",6,"17.953"
"N=100000 rel_unindexed","S10_topn_order",7,"18.142"
"N=100000 rel_indexed","S9_or_keys",4,"13.166"
"N=100000 rel_indexed","S9_or_keys",5,"12.854"
"N=100000 rel_indexed","S9_or_keys",6,"12.796"
"N=100000 rel_indexed","S9_or_keys",7,"12.751"
"N=100000 rel_indexed","S9_or_keys",1,"13.712"
"N=100000 rel_indexed","S9_or_keys",2,"13.529"
"N=100000 rel_indexed","S9_or_keys",3,"13.691"
"N=100000 rel_indexed","S8_and3",1,"0.010"
"N=100000 rel_indexed","S8_and3",2,"0.013"
"N=100000 rel_indexed","S8_and3",3,"0.011"
"N=100000 rel_indexed","S8_and3",4,"0.011"
"N=100000 rel_indexed","S8_and3",5,"0.011"
"N=100000 rel_indexed","S8_and3",6,"0.012"
"N=100000 rel_indexed","S8_and3",7,"0.011"
"N=100000 rel_indexed","S7_and2",4,"3.339"
"N=100000 rel_indexed","S7_and2",1,"3.680"
"N=100000 rel_indexed","S7_and2",2,"3.554"
"N=100000 rel_indexed","S7_and2",3,"3.378"
"N=100000 rel_indexed","S7_and2",5,"3.338"
"N=100000 rel_indexed","S7_and2",6,"3.269"
"N=100000 rel_indexed","S7_and2",7,"3.232"
"N=100000 rel_indexed","S6_array_or",3,"22.430"
"N=100000 rel_indexed","S6_array_or",4,"22.512"
"N=100000 rel_indexed","S6_array_or",5,"22.914"
"N=100000 rel_indexed","S6_array_or",1,"22.776"
"N=100000 rel_indexed","S6_array_or",2,"22.641"
"N=100000 rel_indexed","S6_array_or",6,"23.168"
"N=100000 rel_indexed","S6_array_or",7,"23.836"
"N=100000 rel_indexed","S5_array_and",1,"12.005"
"N=100000 rel_indexed","S5_array_and",2,"11.632"
"N=100000 rel_indexed","S5_array_and",3,"11.188"
"N=100000 rel_indexed","S5_array_and",4,"10.418"
"N=100000 rel_indexed","S5_array_and",5,"9.697"
"N=100000 rel_indexed","S5_array_and",6,"9.855"
"N=100000 rel_indexed","S5_array_and",7,"10.108"
"N=100000 rel_indexed","S4_ts_range",1,"4.617"
"N=100000 rel_indexed","S4_ts_range",2,"4.606"
"N=100000 rel_indexed","S4_ts_range",3,"4.609"
"N=100000 rel_indexed","S4_ts_range",4,"4.550"
"N=100000 rel_indexed","S4_ts_range",5,"4.546"
"N=100000 rel_indexed","S4_ts_range",6,"4.591"
"N=100000 rel_indexed","S4_ts_range",7,"4.530"
"N=100000 rel_indexed","S3_trgm_contains",5,"24.700"
"N=100000 rel_indexed","S3_trgm_contains",6,"24.677"
"N=100000 rel_indexed","S3_trgm_contains",1,"25.872"
"N=100000 rel_indexed","S3_trgm_contains",2,"25.391"
"N=100000 rel_indexed","S3_trgm_contains",3,"24.999"
"N=100000 rel_indexed","S3_trgm_contains",4,"24.569"
"N=100000 rel_indexed","S3_trgm_contains",7,"24.440"
"N=100000 rel_indexed","S2_like_prefix",1,"0.046"
"N=100000 rel_indexed","S2_like_prefix",2,"0.049"
"N=100000 rel_indexed","S2_like_prefix",3,"0.047"
"N=100000 rel_indexed","S2_like_prefix",4,"0.046"
"N=100000 rel_indexed","S2_like_prefix",5,"0.048"
"N=100000 rel_indexed","S2_like_prefix",6,"0.048"
"N=100000 rel_indexed","S2_like_prefix",7,"0.046"
"N=100000 rel_indexed","S1_expr_eq_num",5,"3.753"
"N=100000 rel_indexed","S1_expr_eq_num",1,"4.190"
"N=100000 rel_indexed","S1_expr_eq_num",2,"3.975"
"N=100000 rel_indexed","S1_expr_eq_num",3,"3.907"
"N=100000 rel_indexed","S1_expr_eq_num",4,"3.856"
"N=100000 rel_indexed","S1_expr_eq_num",6,"3.722"
"N=100000 rel_indexed","S1_expr_eq_num",7,"3.692"
"N=100000 rel_indexed","S10_topn_order",7,"0.048"
"N=100000 rel_indexed","S10_topn_order",1,"0.049"
"N=100000 rel_indexed","S10_topn_order",2,"0.056"
"N=100000 rel_indexed","S10_topn_order",3,"0.050"
"N=100000 rel_indexed","S10_topn_order",4,"0.049"
"N=100000 rel_indexed","S10_topn_order",5,"0.052"
"N=100000 rel_indexed","S10_topn_order",6,"0.049"
"N=100000 jsonb_unindexed","S9_or_keys",1,"88.286"
"N=100000 jsonb_unindexed","S9_or_keys",2,"82.852"
"N=100000 jsonb_unindexed","S9_or_keys",3,"85.758"
"N=100000 jsonb_unindexed","S9_or_keys",4,"83.868"
"N=100000 jsonb_unindexed","S9_or_keys",5,"84.119"
"N=100000 jsonb_unindexed","S9_or_keys",6,"83.633"
"N=100000 jsonb_unindexed","S9_or_keys",7,"83.472"
"N=100000 jsonb_unindexed","S8_and3",1,"56.697"
"N=100000 jsonb_unindexed","S8_and3",2,"56.750"
"N=100000 jsonb_unindexed","S8_and3",3,"56.487"
"N=100000 jsonb_unindexed","S8_and3",4,"56.401"
"N=100000 jsonb_unindexed","S8_and3",5,"56.149"
"N=100000 jsonb_unindexed","S8_and3",6,"58.859"
"N=100000 jsonb_unindexed","S8_and3",7,"56.734"
"N=100000 jsonb_unindexed","S7_and2",1,"57.435"
"N=100000 jsonb_unindexed","S7_and2",2,"58.202"
"N=100000 jsonb_unindexed","S7_and2",3,"57.974"
"N=100000 jsonb_unindexed","S7_and2",4,"57.100"
"N=100000 jsonb_unindexed","S7_and2",5,"56.988"
"N=100000 jsonb_unindexed","S7_and2",6,"56.842"
"N=100000 jsonb_unindexed","S7_and2",7,"56.870"
"N=100000 jsonb_unindexed","S6_array_or",1,"80.676"
"N=100000 jsonb_unindexed","S6_array_or",2,"79.733"
"N=100000 jsonb_unindexed","S6_array_or",3,"79.797"
"N=100000 jsonb_unindexed","S6_array_or",4,"79.776"
"N=100000 jsonb_unindexed","S6_array_or",5,"80.173"
"N=100000 jsonb_unindexed","S6_array_or",6,"80.406"
"N=100000 jsonb_unindexed","S6_array_or",7,"80.074"
"N=100000 jsonb_unindexed","S5_array_and",1,"59.903"
"N=100000 jsonb_unindexed","S5_array_and",2,"64.951"
"N=100000 jsonb_unindexed","S5_array_and",3,"63.069"
"N=100000 jsonb_unindexed","S5_array_and",4,"62.416"
"N=100000 jsonb_unindexed","S5_array_and",5,"61.673"
"N=100000 jsonb_unindexed","S5_array_and",6,"61.587"
"N=100000 jsonb_unindexed","S5_array_and",7,"61.380"
"N=100000 jsonb_unindexed","S4_ts_range",1,"98.819"
"N=100000 jsonb_unindexed","S4_ts_range",2,"98.404"
"N=100000 jsonb_unindexed","S4_ts_range",3,"95.842"
"N=100000 jsonb_unindexed","S4_ts_range",4,"97.327"
"N=100000 jsonb_unindexed","S4_ts_range",5,"97.597"
"N=100000 jsonb_unindexed","S4_ts_range",6,"95.749"
"N=100000 jsonb_unindexed","S4_ts_range",7,"95.678"
"N=100000 jsonb_unindexed","S3_trgm_contains",1,"104.091"
"N=100000 jsonb_unindexed","S3_trgm_contains",2,"106.282"
"N=100000 jsonb_unindexed","S3_trgm_contains",3,"108.540"
"N=100000 jsonb_unindexed","S3_trgm_contains",4,"102.423"
"N=100000 jsonb_unindexed","S3_trgm_contains",5,"102.557"
"N=100000 jsonb_unindexed","S3_trgm_contains",6,"109.866"
"N=100000 jsonb_unindexed","S3_trgm_contains",7,"102.380"
"N=100000 jsonb_unindexed","S2_like_prefix",1,"40.439"
"N=100000 jsonb_unindexed","S2_like_prefix",2,"40.199"
"N=100000 jsonb_unindexed","S2_like_prefix",3,"40.226"
"N=100000 jsonb_unindexed","S2_like_prefix",4,"40.492"
"N=100000 jsonb_unindexed","S2_like_prefix",5,"40.547"
"N=100000 jsonb_unindexed","S2_like_prefix",6,"40.220"
"N=100000 jsonb_unindexed","S2_like_prefix",7,"40.156"
"N=100000 jsonb_unindexed","S1_expr_eq_num",1,"47.455"
"N=100000 jsonb_unindexed","S1_expr_eq_num",2,"47.108"
"N=100000 jsonb_unindexed","S1_expr_eq_num",3,"46.713"
"N=100000 jsonb_unindexed","S1_expr_eq_num",4,"45.871"
"N=100000 jsonb_unindexed","S1_expr_eq_num",5,"45.485"
"N=100000 jsonb_unindexed","S1_expr_eq_num",6,"46.344"
"N=100000 jsonb_unindexed","S1_expr_eq_num",7,"46.998"
"N=100000 jsonb_unindexed","S10_topn_order",1,"48.837"
"N=100000 jsonb_unindexed","S10_topn_order",2,"48.528"
"N=100000 jsonb_unindexed","S10_topn_order",3,"50.600"
"N=100000 jsonb_unindexed","S10_topn_order",4,"48.794"
"N=100000 jsonb_unindexed","S10_topn_order",5,"50.088"
"N=100000 jsonb_unindexed","S10_topn_order",6,"46.329"
"N=100000 jsonb_unindexed","S10_topn_order",7,"47.033"
"N=100000 jsonb_indexed","S9_or_keys",1,"80.184"
"N=100000 jsonb_indexed","S9_or_keys",2,"80.966"
"N=100000 jsonb_indexed","S9_or_keys",3,"79.684"
"N=100000 jsonb_indexed","S9_or_keys",4,"79.572"
"N=100000 jsonb_indexed","S9_or_keys",5,"79.875"
"N=100000 jsonb_indexed","S9_or_keys",6,"79.604"
"N=100000 jsonb_indexed","S9_or_keys",7,"81.035"
"N=100000 jsonb_indexed","S8_and3",1,"55.547"
"N=100000 jsonb_indexed","S8_and3",2,"55.721"
"N=100000 jsonb_indexed","S8_and3",3,"55.655"
"N=100000 jsonb_indexed","S8_and3",4,"56.570"
"N=100000 jsonb_indexed","S8_and3",5,"55.772"
"N=100000 jsonb_indexed","S8_and3",6,"55.636"
"N=100000 jsonb_indexed","S8_and3",7,"55.563"
"N=100000 jsonb_indexed","S7_and2",1,"55.773"
"N=100000 jsonb_indexed","S7_and2",2,"55.805"
"N=100000 jsonb_indexed","S7_and2",3,"55.885"
"N=100000 jsonb_indexed","S7_and2",4,"55.736"
"N=100000 jsonb_indexed","S7_and2",5,"55.909"
"N=100000 jsonb_indexed","S7_and2",6,"56.409"
"N=100000 jsonb_indexed","S7_and2",7,"56.507"
"N=100000 jsonb_indexed","S6_array_or",1,"90.493"
"N=100000 jsonb_indexed","S6_array_or",2,"84.525"
"N=100000 jsonb_indexed","S6_array_or",3,"93.070"
"N=100000 jsonb_indexed","S6_array_or",4,"86.553"
"N=100000 jsonb_indexed","S6_array_or",5,"83.184"
"N=100000 jsonb_indexed","S6_array_or",6,"83.207"
"N=100000 jsonb_indexed","S6_array_or",7,"91.636"
"N=100000 jsonb_indexed","S5_array_and",5,"20.020"
"N=100000 jsonb_indexed","S5_array_and",6,"19.300"
"N=100000 jsonb_indexed","S5_array_and",1,"21.680"
"N=100000 jsonb_indexed","S5_array_and",2,"20.226"
"N=100000 jsonb_indexed","S5_array_and",3,"20.366"
"N=100000 jsonb_indexed","S5_array_and",4,"20.591"
"N=100000 jsonb_indexed","S5_array_and",7,"18.955"
"N=100000 jsonb_indexed","S4_ts_range",1,"6.410"
"N=100000 jsonb_indexed","S4_ts_range",2,"6.318"
"N=100000 jsonb_indexed","S4_ts_range",3,"6.242"
"N=100000 jsonb_indexed","S4_ts_range",4,"6.231"
"N=100000 jsonb_indexed","S4_ts_range",5,"6.938"
"N=100000 jsonb_indexed","S4_ts_range",6,"7.293"
"N=100000 jsonb_indexed","S4_ts_range",7,"6.815"
"N=100000 jsonb_indexed","S3_trgm_contains",6,"46.872"
"N=100000 jsonb_indexed","S3_trgm_contains",7,"45.380"
"N=100000 jsonb_indexed","S3_trgm_contains",1,"42.910"
"N=100000 jsonb_indexed","S3_trgm_contains",2,"43.091"
"N=100000 jsonb_indexed","S3_trgm_contains",3,"44.398"
"N=100000 jsonb_indexed","S3_trgm_contains",4,"44.703"
"N=100000 jsonb_indexed","S3_trgm_contains",5,"43.178"
"N=100000 jsonb_indexed","S2_like_prefix",1,"0.057"
"N=100000 jsonb_indexed","S2_like_prefix",2,"0.058"
"N=100000 jsonb_indexed","S2_like_prefix",3,"0.060"
"N=100000 jsonb_indexed","S2_like_prefix",4,"0.058"
"N=100000 jsonb_indexed","S2_like_prefix",5,"0.058"
"N=100000 jsonb_indexed","S2_like_prefix",6,"0.058"
"N=100000 jsonb_indexed","S2_like_prefix",7,"0.059"
"N=100000 jsonb_indexed","S1_expr_eq_num",1,"4.212"
"N=100000 jsonb_indexed","S1_expr_eq_num",2,"4.618"
"N=100000 jsonb_indexed","S1_expr_eq_num",3,"4.672"
"N=100000 jsonb_indexed","S1_expr_eq_num",4,"4.736"
"N=100000 jsonb_indexed","S1_expr_eq_num",5,"4.747"
"N=100000 jsonb_indexed","S1_expr_eq_num",6,"4.723"
"N=100000 jsonb_indexed","S1_expr_eq_num",7,"4.595"
"N=100000 jsonb_indexed","S10_topn_order",7,"0.050"
"N=100000 jsonb_indexed","S10_topn_order",1,"0.048"
"N=100000 jsonb_indexed","S10_topn_order",2,"0.049"
"N=100000 jsonb_indexed","S10_topn_order",3,"0.049"
"N=100000 jsonb_indexed","S10_topn_order",4,"0.051"
"N=100000 jsonb_indexed","S10_topn_order",5,"0.049"
"N=100000 jsonb_indexed","S10_topn_order",6,"0.049"
"N=1000000 rel_unindexed","S9_or_keys",1,"323.901"
"N=1000000 rel_unindexed","S9_or_keys",2,"322.812"
"N=1000000 rel_unindexed","S9_or_keys",3,"324.131"
"N=1000000 rel_unindexed","S9_or_keys",4,"318.192"
"N=1000000 rel_unindexed","S9_or_keys",5,"318.042"
"N=1000000 rel_unindexed","S9_or_keys",6,"331.844"
"N=1000000 rel_unindexed","S9_or_keys",7,"320.152"
"N=1000000 rel_unindexed","S8_and3",4,"273.259"
"N=1000000 rel_unindexed","S8_and3",1,"263.635"
"N=1000000 rel_unindexed","S8_and3",2,"270.023"
"N=1000000 rel_unindexed","S8_and3",3,"271.486"
"N=1000000 rel_unindexed","S8_and3",5,"263.288"
"N=1000000 rel_unindexed","S8_and3",6,"265.173"
"N=1000000 rel_unindexed","S8_and3",7,"266.553"
"N=1000000 rel_unindexed","S7_and2",1,"268.082"
"N=1000000 rel_unindexed","S7_and2",2,"267.106"
"N=1000000 rel_unindexed","S7_and2",3,"263.935"
"N=1000000 rel_unindexed","S7_and2",4,"269.869"
"N=1000000 rel_unindexed","S7_and2",5,"263.727"
"N=1000000 rel_unindexed","S7_and2",6,"267.505"
"N=1000000 rel_unindexed","S7_and2",7,"271.921"
"N=1000000 rel_unindexed","S6_array_or",1,"400.840"
"N=1000000 rel_unindexed","S6_array_or",2,"371.049"
"N=1000000 rel_unindexed","S6_array_or",3,"399.662"
"N=1000000 rel_unindexed","S6_array_or",4,"401.418"
"N=1000000 rel_unindexed","S6_array_or",5,"389.146"
"N=1000000 rel_unindexed","S6_array_or",6,"374.969"
"N=1000000 rel_unindexed","S6_array_or",7,"354.746"
"N=1000000 rel_unindexed","S5_array_and",1,"385.786"
"N=1000000 rel_unindexed","S5_array_and",2,"381.763"
"N=1000000 rel_unindexed","S5_array_and",3,"380.536"
"N=1000000 rel_unindexed","S5_array_and",4,"382.212"
"N=1000000 rel_unindexed","S5_array_and",5,"386.638"
"N=1000000 rel_unindexed","S5_array_and",6,"393.734"
"N=1000000 rel_unindexed","S5_array_and",7,"375.069"
"N=1000000 rel_unindexed","S4_ts_range",1,"195.535"
"N=1000000 rel_unindexed","S4_ts_range",2,"181.817"
"N=1000000 rel_unindexed","S4_ts_range",3,"212.430"
"N=1000000 rel_unindexed","S4_ts_range",4,"182.750"
"N=1000000 rel_unindexed","S4_ts_range",5,"179.920"
"N=1000000 rel_unindexed","S4_ts_range",6,"179.869"
"N=1000000 rel_unindexed","S4_ts_range",7,"186.358"
"N=1000000 rel_unindexed","S3_trgm_contains",1,"639.813"
"N=1000000 rel_unindexed","S3_trgm_contains",2,"648.642"
"N=1000000 rel_unindexed","S3_trgm_contains",3,"654.438"
"N=1000000 rel_unindexed","S3_trgm_contains",4,"676.177"
"N=1000000 rel_unindexed","S3_trgm_contains",5,"636.037"
"N=1000000 rel_unindexed","S3_trgm_contains",6,"656.911"
"N=1000000 rel_unindexed","S3_trgm_contains",7,"660.858"
"N=1000000 rel_unindexed","S2_like_prefix",1,"175.074"
"N=1000000 rel_unindexed","S2_like_prefix",2,"159.920"
"N=1000000 rel_unindexed","S2_like_prefix",3,"184.215"
"N=1000000 rel_unindexed","S2_like_prefix",4,"164.873"
"N=1000000 rel_unindexed","S2_like_prefix",5,"165.032"
"N=1000000 rel_unindexed","S2_like_prefix",6,"171.666"
"N=1000000 rel_unindexed","S2_like_prefix",7,"163.326"
"N=1000000 rel_unindexed","S1_expr_eq_num",1,"309.472"
"N=1000000 rel_unindexed","S1_expr_eq_num",2,"303.703"
"N=1000000 rel_unindexed","S1_expr_eq_num",3,"308.541"
"N=1000000 rel_unindexed","S1_expr_eq_num",4,"307.703"
"N=1000000 rel_unindexed","S1_expr_eq_num",5,"303.868"
"N=1000000 rel_unindexed","S1_expr_eq_num",6,"302.990"
"N=1000000 rel_unindexed","S1_expr_eq_num",7,"303.213"
"N=1000000 rel_unindexed","S10_topn_order",7,"160.253"
"N=1000000 rel_unindexed","S10_topn_order",1,"171.926"
"N=1000000 rel_unindexed","S10_topn_order",2,"160.778"
"N=1000000 rel_unindexed","S10_topn_order",3,"162.060"
"N=1000000 rel_unindexed","S10_topn_order",4,"160.572"
"N=1000000 rel_unindexed","S10_topn_order",5,"158.157"
"N=1000000 rel_unindexed","S10_topn_order",6,"160.575"
"N=1000000 rel_indexed","S9_or_keys",2,"163.378"
"N=1000000 rel_indexed","S9_or_keys",3,"170.884"
"N=1000000 rel_indexed","S9_or_keys",4,"162.930"
"N=1000000 rel_indexed","S9_or_keys",5,"163.824"
"N=1000000 rel_indexed","S9_or_keys",6,"163.914"
"N=1000000 rel_indexed","S9_or_keys",1,"160.384"
"N=1000000 rel_indexed","S9_or_keys",7,"161.085"
"N=1000000 rel_indexed","S8_and3",1,"0.010"
"N=1000000 rel_indexed","S8_and3",2,"0.011"
"N=1000000 rel_indexed","S8_and3",3,"0.011"
"N=1000000 rel_indexed","S8_and3",4,"0.012"
"N=1000000 rel_indexed","S8_and3",5,"0.011"
"N=1000000 rel_indexed","S8_and3",6,"0.011"
"N=1000000 rel_indexed","S8_and3",7,"0.011"
"N=1000000 rel_indexed","S7_and2",1,"48.246"
"N=1000000 rel_indexed","S7_and2",2,"47.167"
"N=1000000 rel_indexed","S7_and2",3,"47.089"
"N=1000000 rel_indexed","S7_and2",4,"47.378"
"N=1000000 rel_indexed","S7_and2",5,"47.026"
"N=1000000 rel_indexed","S7_and2",6,"49.348"
"N=1000000 rel_indexed","S7_and2",7,"46.239"
"N=1000000 rel_indexed","S6_array_or",2,"221.185"
"N=1000000 rel_indexed","S6_array_or",3,"226.041"
"N=1000000 rel_indexed","S6_array_or",4,"224.019"
"N=1000000 rel_indexed","S6_array_or",1,"229.308"
"N=1000000 rel_indexed","S6_array_or",5,"225.530"
"N=1000000 rel_indexed","S6_array_or",6,"220.228"
"N=1000000 rel_indexed","S6_array_or",7,"220.663"
"N=1000000 rel_indexed","S5_array_and",1,"107.961"
"N=1000000 rel_indexed","S5_array_and",2,"107.356"
"N=1000000 rel_indexed","S5_array_and",3,"108.478"
"N=1000000 rel_indexed","S5_array_and",4,"108.999"
"N=1000000 rel_indexed","S5_array_and",5,"108.854"
"N=1000000 rel_indexed","S5_array_and",6,"107.884"
"N=1000000 rel_indexed","S5_array_and",7,"108.500"
"N=1000000 rel_indexed","S4_ts_range",1,"64.606"
"N=1000000 rel_indexed","S4_ts_range",2,"64.125"
"N=1000000 rel_indexed","S4_ts_range",3,"63.857"
"N=1000000 rel_indexed","S4_ts_range",4,"63.942"
"N=1000000 rel_indexed","S4_ts_range",5,"64.657"
"N=1000000 rel_indexed","S4_ts_range",6,"64.599"
"N=1000000 rel_indexed","S4_ts_range",7,"64.311"
"N=1000000 rel_indexed","S3_trgm_contains",1,"224.366"
"N=1000000 rel_indexed","S3_trgm_contains",2,"222.307"
"N=1000000 rel_indexed","S3_trgm_contains",3,"222.267"
"N=1000000 rel_indexed","S3_trgm_contains",4,"220.838"
"N=1000000 rel_indexed","S3_trgm_contains",5,"221.818"
"N=1000000 rel_indexed","S3_trgm_contains",6,"220.508"
"N=1000000 rel_indexed","S3_trgm_contains",7,"224.507"
"N=1000000 rel_indexed","S2_like_prefix",1,"0.046"
"N=1000000 rel_indexed","S2_like_prefix",2,"0.048"
"N=1000000 rel_indexed","S2_like_prefix",3,"0.047"
"N=1000000 rel_indexed","S2_like_prefix",4,"0.049"
"N=1000000 rel_indexed","S2_like_prefix",5,"0.050"
"N=1000000 rel_indexed","S2_like_prefix",6,"0.047"
"N=1000000 rel_indexed","S2_like_prefix",7,"0.047"
"N=1000000 rel_indexed","S1_expr_eq_num",1,"51.668"
"N=1000000 rel_indexed","S1_expr_eq_num",2,"51.319"
"N=1000000 rel_indexed","S1_expr_eq_num",3,"51.274"
"N=1000000 rel_indexed","S1_expr_eq_num",4,"51.807"
"N=1000000 rel_indexed","S1_expr_eq_num",5,"52.113"
"N=1000000 rel_indexed","S1_expr_eq_num",6,"53.828"
"N=1000000 rel_indexed","S1_expr_eq_num",7,"51.850"
"N=1000000 rel_indexed","S10_topn_order",3,"0.055"
"N=1000000 rel_indexed","S10_topn_order",4,"0.060"
"N=1000000 rel_indexed","S10_topn_order",5,"0.057"
"N=1000000 rel_indexed","S10_topn_order",1,"0.058"
"N=1000000 rel_indexed","S10_topn_order",2,"0.056"
"N=1000000 rel_indexed","S10_topn_order",6,"0.056"
"N=1000000 rel_indexed","S10_topn_order",7,"0.062"
"N=1000000 jsonb_unindexed","S9_or_keys",1,"851.184"
"N=1000000 jsonb_unindexed","S9_or_keys",2,"856.395"
"N=1000000 jsonb_unindexed","S9_or_keys",3,"853.151"
"N=1000000 jsonb_unindexed","S9_or_keys",4,"866.226"
"N=1000000 jsonb_unindexed","S9_or_keys",5,"861.237"
"N=1000000 jsonb_unindexed","S9_or_keys",6,"846.217"
"N=1000000 jsonb_unindexed","S9_or_keys",7,"874.923"
"N=1000000 jsonb_unindexed","S8_and3",1,"573.491"
"N=1000000 jsonb_unindexed","S8_and3",2,"577.786"
"N=1000000 jsonb_unindexed","S8_and3",3,"570.376"
"N=1000000 jsonb_unindexed","S8_and3",4,"571.668"
"N=1000000 jsonb_unindexed","S8_and3",5,"572.310"
"N=1000000 jsonb_unindexed","S8_and3",6,"573.919"
"N=1000000 jsonb_unindexed","S8_and3",7,"580.069"
"N=1000000 jsonb_unindexed","S7_and2",1,"583.098"
"N=1000000 jsonb_unindexed","S7_and2",2,"578.954"
"N=1000000 jsonb_unindexed","S7_and2",3,"579.087"
"N=1000000 jsonb_unindexed","S7_and2",4,"583.567"
"N=1000000 jsonb_unindexed","S7_and2",5,"577.756"
"N=1000000 jsonb_unindexed","S7_and2",6,"585.827"
"N=1000000 jsonb_unindexed","S7_and2",7,"587.662"
"N=1000000 jsonb_unindexed","S6_array_or",1,"812.110"
"N=1000000 jsonb_unindexed","S6_array_or",2,"815.666"
"N=1000000 jsonb_unindexed","S6_array_or",3,"807.720"
"N=1000000 jsonb_unindexed","S6_array_or",4,"804.625"
"N=1000000 jsonb_unindexed","S6_array_or",5,"813.162"
"N=1000000 jsonb_unindexed","S6_array_or",6,"822.158"
"N=1000000 jsonb_unindexed","S6_array_or",7,"817.322"
"N=1000000 jsonb_unindexed","S5_array_and",1,"625.495"
"N=1000000 jsonb_unindexed","S5_array_and",2,"621.006"
"N=1000000 jsonb_unindexed","S5_array_and",3,"643.775"
"N=1000000 jsonb_unindexed","S5_array_and",4,"622.658"
"N=1000000 jsonb_unindexed","S5_array_and",5,"658.177"
"N=1000000 jsonb_unindexed","S5_array_and",6,"638.716"
"N=1000000 jsonb_unindexed","S5_array_and",7,"633.186"
"N=1000000 jsonb_unindexed","S4_ts_range",1,"969.447"
"N=1000000 jsonb_unindexed","S4_ts_range",2,"969.648"
"N=1000000 jsonb_unindexed","S4_ts_range",3,"966.241"
"N=1000000 jsonb_unindexed","S4_ts_range",4,"978.817"
"N=1000000 jsonb_unindexed","S4_ts_range",5,"968.782"
"N=1000000 jsonb_unindexed","S4_ts_range",6,"983.582"
"N=1000000 jsonb_unindexed","S4_ts_range",7,"984.828"
"N=1000000 jsonb_unindexed","S3_trgm_contains",1,"1056.340"
"N=1000000 jsonb_unindexed","S3_trgm_contains",2,"1068.121"
"N=1000000 jsonb_unindexed","S3_trgm_contains",3,"1061.979"
"N=1000000 jsonb_unindexed","S3_trgm_contains",4,"1076.104"
"N=1000000 jsonb_unindexed","S3_trgm_contains",5,"1065.760"
"N=1000000 jsonb_unindexed","S3_trgm_contains",6,"1056.185"
"N=1000000 jsonb_unindexed","S3_trgm_contains",7,"1050.351"
"N=1000000 jsonb_unindexed","S2_like_prefix",1,"411.758"
"N=1000000 jsonb_unindexed","S2_like_prefix",2,"409.467"
"N=1000000 jsonb_unindexed","S2_like_prefix",3,"411.009"
"N=1000000 jsonb_unindexed","S2_like_prefix",4,"416.536"
"N=1000000 jsonb_unindexed","S2_like_prefix",5,"409.652"
"N=1000000 jsonb_unindexed","S2_like_prefix",6,"412.232"
"N=1000000 jsonb_unindexed","S2_like_prefix",7,"417.387"
"N=1000000 jsonb_unindexed","S1_expr_eq_num",1,"483.183"
"N=1000000 jsonb_unindexed","S1_expr_eq_num",2,"481.066"
"N=1000000 jsonb_unindexed","S1_expr_eq_num",3,"478.556"
"N=1000000 jsonb_unindexed","S1_expr_eq_num",4,"474.898"
"N=1000000 jsonb_unindexed","S1_expr_eq_num",5,"488.629"
"N=1000000 jsonb_unindexed","S1_expr_eq_num",6,"480.594"
"N=1000000 jsonb_unindexed","S1_expr_eq_num",7,"515.752"
"N=1000000 jsonb_unindexed","S10_topn_order",1,"481.538"
"N=1000000 jsonb_unindexed","S10_topn_order",2,"484.066"
"N=1000000 jsonb_unindexed","S10_topn_order",3,"493.404"
"N=1000000 jsonb_unindexed","S10_topn_order",4,"485.135"
"N=1000000 jsonb_unindexed","S10_topn_order",5,"492.926"
"N=1000000 jsonb_unindexed","S10_topn_order",6,"480.566"
"N=1000000 jsonb_unindexed","S10_topn_order",7,"486.929"
"N=1000000 jsonb_indexed","S9_or_keys",1,"834.039"
"N=1000000 jsonb_indexed","S9_or_keys",2,"833.584"
"N=1000000 jsonb_indexed","S9_or_keys",3,"824.847"
"N=1000000 jsonb_indexed","S9_or_keys",4,"807.277"
"N=1000000 jsonb_indexed","S9_or_keys",5,"815.731"
"N=1000000 jsonb_indexed","S9_or_keys",6,"815.428"
"N=1000000 jsonb_indexed","S9_or_keys",7,"814.365"
"N=1000000 jsonb_indexed","S8_and3",1,"568.473"
"N=1000000 jsonb_indexed","S8_and3",2,"567.041"
"N=1000000 jsonb_indexed","S8_and3",3,"558.711"
"N=1000000 jsonb_indexed","S8_and3",4,"571.165"
"N=1000000 jsonb_indexed","S8_and3",5,"565.306"
"N=1000000 jsonb_indexed","S8_and3",6,"561.378"
"N=1000000 jsonb_indexed","S8_and3",7,"556.448"
"N=1000000 jsonb_indexed","S7_and2",1,"567.244"
"N=1000000 jsonb_indexed","S7_and2",2,"569.706"
"N=1000000 jsonb_indexed","S7_and2",3,"567.736"
"N=1000000 jsonb_indexed","S7_and2",4,"575.342"
"N=1000000 jsonb_indexed","S7_and2",5,"571.583"
"N=1000000 jsonb_indexed","S7_and2",6,"567.882"
"N=1000000 jsonb_indexed","S7_and2",7,"575.814"
"N=1000000 jsonb_indexed","S6_array_or",1,"842.052"
"N=1000000 jsonb_indexed","S6_array_or",2,"857.990"
"N=1000000 jsonb_indexed","S6_array_or",3,"861.839"
"N=1000000 jsonb_indexed","S6_array_or",4,"837.732"
"N=1000000 jsonb_indexed","S6_array_or",5,"859.033"
"N=1000000 jsonb_indexed","S6_array_or",6,"843.998"
"N=1000000 jsonb_indexed","S6_array_or",7,"836.946"
"N=1000000 jsonb_indexed","S5_array_and",3,"233.694"
"N=1000000 jsonb_indexed","S5_array_and",1,"226.472"
"N=1000000 jsonb_indexed","S5_array_and",2,"230.255"
"N=1000000 jsonb_indexed","S5_array_and",4,"230.154"
"N=1000000 jsonb_indexed","S5_array_and",5,"235.417"
"N=1000000 jsonb_indexed","S5_array_and",6,"227.536"
"N=1000000 jsonb_indexed","S5_array_and",7,"228.447"
"N=1000000 jsonb_indexed","S4_ts_range",1,"97.401"
"N=1000000 jsonb_indexed","S4_ts_range",2,"97.506"
"N=1000000 jsonb_indexed","S4_ts_range",3,"97.140"
"N=1000000 jsonb_indexed","S4_ts_range",4,"97.304"
"N=1000000 jsonb_indexed","S4_ts_range",5,"97.219"
"N=1000000 jsonb_indexed","S4_ts_range",6,"97.634"
"N=1000000 jsonb_indexed","S4_ts_range",7,"97.292"
"N=1000000 jsonb_indexed","S3_trgm_contains",4,"410.799"
"N=1000000 jsonb_indexed","S3_trgm_contains",5,"393.827"
"N=1000000 jsonb_indexed","S3_trgm_contains",6,"394.481"
"N=1000000 jsonb_indexed","S3_trgm_contains",1,"420.182"
"N=1000000 jsonb_indexed","S3_trgm_contains",2,"399.850"
"N=1000000 jsonb_indexed","S3_trgm_contains",3,"401.553"
"N=1000000 jsonb_indexed","S3_trgm_contains",7,"397.837"
"N=1000000 jsonb_indexed","S2_like_prefix",1,"0.057"
"N=1000000 jsonb_indexed","S2_like_prefix",2,"0.058"
"N=1000000 jsonb_indexed","S2_like_prefix",3,"0.060"
"N=1000000 jsonb_indexed","S2_like_prefix",4,"0.060"
"N=1000000 jsonb_indexed","S2_like_prefix",5,"0.058"
"N=1000000 jsonb_indexed","S2_like_prefix",6,"0.058"
"N=1000000 jsonb_indexed","S2_like_prefix",7,"0.059"
"N=1000000 jsonb_indexed","S1_expr_eq_num",1,"70.779"
"N=1000000 jsonb_indexed","S1_expr_eq_num",2,"71.014"
"N=1000000 jsonb_indexed","S1_expr_eq_num",3,"70.838"
"N=1000000 jsonb_indexed","S1_expr_eq_num",4,"71.554"
"N=1000000 jsonb_indexed","S1_expr_eq_num",5,"71.677"
"N=1000000 jsonb_indexed","S1_expr_eq_num",6,"71.577"
"N=1000000 jsonb_indexed","S1_expr_eq_num",7,"71.833"
"N=1000000 jsonb_indexed","S10_topn_order",4,"0.050"
"N=1000000 jsonb_indexed","S10_topn_order",1,"0.049"
"N=1000000 jsonb_indexed","S10_topn_order",2,"0.056"
"N=1000000 jsonb_indexed","S10_topn_order",3,"0.051"
"N=1000000 jsonb_indexed","S10_topn_order",5,"0.053"
"N=1000000 jsonb_indexed","S10_topn_order",6,"0.056"
"N=1000000 jsonb_indexed","S10_topn_order",7,"0.050"
